Ticker,Date,Open,High,Low,Close,Volume,Ticker,Date,Open,High,Low,Close,Volume,Ticker,Date,Open,High,Low,Close,Volume
VZ,6/5/2020 16:00,57.75,58.12,57.08,57.74,17105619,LYV,6/5/2020 16:00,55.5,58.34,55.24,56.96,6009709,TMUS,6/5/2020 16:00,101.3,102.97,100.5,101.13,3958309
VZ,6/8/2020 16:00,57.65,58.2,57.27,58.09,14962960,LYV,6/8/2020 16:00,58.27,59.7,56.03,57.09,4609044,TMUS,6/8/2020 16:00,100.74,105.11,100.44,104.46,5043865
VZ,6/9/2020 16:00,57.75,58.13,57.37,57.86,14530771,LYV,6/9/2020 16:00,55.81,55.89,53.33,53.42,3062502,TMUS,6/9/2020 16:00,102.18,103.54,101.77,103.19,5036986
VZ,6/10/2020 16:00,57.9,58.23,57.7,58.05,13649065,LYV,6/10/2020 16:00,54.04,54.04,50.61,52.48,3367203,TMUS,6/10/2020 16:00,102.81,106.72,102.81,105.79,6273536
VZ,6/11/2020 16:00,57.48,57.94,56.4,56.45,23412480,LYV,6/11/2020 16:00,48.11,49.17,47,47.74,5178879,TMUS,6/11/2020 16:00,104.51,105.31,100.74,100.89,7689251
VZ,6/12/2020 16:00,56.63,56.81,55.79,56.53,17129160,LYV,6/12/2020 16:00,50,51.09,48,49.12,2713675,TMUS,6/12/2020 16:00,104.25,105.05,100.26,102.31,5289275
VZ,6/15/2020 16:00,55.73,56.54,55.28,56.15,14828780,LYV,6/15/2020 16:00,47.01,49.74,46.48,49.4,2245621,TMUS,6/15/2020 16:00,101.32,105.19,100.73,104.68,3845924
VZ,6/16/2020 16:00,56.83,57.32,56.24,56.92,15025954,LYV,6/16/2020 16:00,50.86,51.44,48.11,49.2,2945914,TMUS,6/16/2020 16:00,104,104,100.11,102.89,5767414
VZ,6/17/2020 16:00,57.14,57.17,56.51,56.65,10652053,LYV,6/17/2020 16:00,50,50,47.94,48,2163653,TMUS,6/17/2020 16:00,103,104.8,102.34,102.63,3757402
VZ,6/18/2020 16:00,56.5,56.96,56.37,56.89,9019542,LYV,6/18/2020 16:00,48,48.57,47.55,48.32,2671148,TMUS,6/18/2020 16:00,103.82,106.84,103.25,106.39,4698883
VZ,6/19/2020 16:00,57.35,57.47,56,56.16,28843754,LYV,6/19/2020 16:00,49.28,49.82,45.87,46.51,4052604,TMUS,6/19/2020 16:00,107.34,109,106.39,106.9,9268315
VZ,6/22/2020 16:00,55.91,56.26,55.61,55.66,12333875,LYV,6/22/2020 16:00,46.55,46.61,44.66,45.78,4073218,TMUS,6/22/2020 16:00,106.86,108.7,106.03,106.6,5090503
VZ,6/23/2020 16:00,55.75,55.85,54.91,54.94,20716400,LYV,6/23/2020 16:00,46.5,47.59,45.7,46.88,2642550,TMUS,6/23/2020 16:00,103.7,110.46,103.5,107.16,22929080
VZ,6/24/2020 16:00,54.54,54.56,53.46,53.93,24794574,LYV,6/24/2020 16:00,45.88,46.25,42.82,44.18,5340977,TMUS,6/24/2020 16:00,105.46,109.14,104.57,108.43,66903149
VZ,6/25/2020 16:00,53.91,54.39,53.34,54.28,17122520,LYV,6/25/2020 16:00,43.42,44.58,43.16,44.17,2770507,TMUS,6/25/2020 16:00,109.78,111.58,108.51,110.19,55407307
VZ,6/26/2020 16:00,54.04,54.06,52.85,53.16,30211862,LYV,6/26/2020 16:00,44,44.34,42.37,42.62,3732012,TMUS,6/26/2020 16:00,109.15,109.85,104.73,105.2,25367781
VZ,6/29/2020 16:00,53.31,54.71,53.31,54.69,15930280,LYV,6/29/2020 16:00,42.78,44.99,42.21,44.29,3925545,TMUS,6/29/2020 16:00,105.79,106.26,103.95,105.96,9097070
VZ,6/30/2020 16:00,54.92,55.29,54.36,55.13,17414755,LYV,6/30/2020 16:00,44.31,44.69,43.27,44.33,2085015,TMUS,6/30/2020 16:00,105.9,106.2,104,104.15,10833813
VZ,7/1/2020 16:00,55.09,55.33,54.58,54.67,12831579,LYV,7/1/2020 16:00,44.86,47.95,44.8,46.02,3014300,TMUS,7/1/2020 16:00,105.68,106.25,103.85,106.13,9599885
VZ,7/2/2020 16:00,55.05,55.41,54.74,54.79,15814541,LYV,7/2/2020 16:00,46.9,47.36,45.12,45.36,1748819,TMUS,7/2/2020 16:00,106.95,107.34,105.35,106.01,6411905
VZ,7/6/2020 16:00,55.35,55.43,54.91,55.24,11231082,LYV,7/6/2020 16:00,46.79,46.79,44.59,45.46,2922761,TMUS,7/6/2020 16:00,106.6,107.68,106.2,106.78,5256628
VZ,7/7/2020 16:00,54.92,55.33,54.8,55.04,13319703,LYV,7/7/2020 16:00,45.13,45.39,44.29,45.04,2373391,TMUS,7/7/2020 16:00,106.44,107.59,105.55,105.8,5572497
VZ,7/8/2020 16:00,55.11,55.44,54.82,55.38,15320847,LYV,7/8/2020 16:00,44.92,46.41,44.7,46.06,3223237,TMUS,7/8/2020 16:00,106.25,106.63,105.37,106.61,4300360
VZ,7/9/2020 16:00,54.65,54.65,53.75,53.94,17618355,LYV,7/9/2020 16:00,46.15,46.24,43.46,45.05,3082149,TMUS,7/9/2020 16:00,106.66,106.72,105.05,106.17,3956566
VZ,7/10/2020 16:00,53.84,54.58,53.84,54.49,15652222,LYV,7/10/2020 16:00,44.9,46.84,44.68,46.44,3386439,TMUS,7/10/2020 16:00,105.82,107.19,105.29,107.05,4557925
VZ,7/13/2020 16:00,54.75,54.77,54.14,54.45,15285112,LYV,7/13/2020 16:00,46.86,47.23,45.27,45.66,3059306,TMUS,7/13/2020 16:00,106.89,107.55,104.23,104.52,5752750
VZ,7/14/2020 16:00,54.43,55.65,54.27,55.44,15683595,LYV,7/14/2020 16:00,45.65,47.2,44.92,46.41,2541758,TMUS,7/14/2020 16:00,103.57,106.54,103.57,105.39,7882234
VZ,7/15/2020 16:00,55.61,55.72,55.02,55.06,13903602,LYV,7/15/2020 16:00,48.73,52.09,48.43,51.84,5627613,TMUS,7/15/2020 16:00,105.51,106.08,104.53,104.92,4476262
VZ,7/16/2020 16:00,54.87,55.83,54.76,55.78,13477441,LYV,7/16/2020 16:00,50.7,51.78,49.86,50.85,3358781,TMUS,7/16/2020 16:00,104.5,104.86,103.43,104.49,5751199
VZ,7/17/2020 16:00,56,56.6,55.89,56.3,13509676,LYV,7/17/2020 16:00,50.85,51.26,49.96,51.04,2275818,TMUS,7/17/2020 16:00,104.87,105.73,104.09,105.35,4009251
VZ,7/20/2020 16:00,56.28,56.28,55.66,55.87,10572867,LYV,7/20/2020 16:00,50.61,51.77,48.6,49.21,2488004,TMUS,7/20/2020 16:00,105.4,106.28,105.03,106.14,3632370
VZ,7/21/2020 16:00,55.84,56.5,55.8,55.84,12620945,LYV,7/21/2020 16:00,49.52,50.46,48.98,49.18,1764566,TMUS,7/21/2020 16:00,106.35,106.48,105.25,105.58,3602530
VZ,7/22/2020 16:00,55.84,55.95,55.37,55.75,11223546,LYV,7/22/2020 16:00,48.79,49.79,48.51,48.99,1614284,TMUS,7/22/2020 16:00,105.66,106.34,104.74,104.93,4655264
VZ,7/23/2020 16:00,55.81,56.09,55.4,55.85,16718749,LYV,7/23/2020 16:00,48.56,48.98,47.32,48,2054387,TMUS,7/23/2020 16:00,105.21,105.28,104.36,104.51,6640827
VZ,7/24/2020 16:00,56.35,57.57,56.14,56.85,17981683,LYV,7/24/2020 16:00,47.94,48.6,47.16,47.92,1142533,TMUS,7/24/2020 16:00,104.52,105.23,104.23,104.93,4989983
VZ,7/27/2020 16:00,57,57.33,56.51,56.87,12306672,LYV,7/27/2020 16:00,47.85,47.88,46.5,47.34,1896906,TMUS,7/27/2020 16:00,104.53,106.27,104.35,105.62,7958877
VZ,7/28/2020 16:00,57.05,57.7,56.97,57.48,13454716,LYV,7/28/2020 16:00,47.08,47.87,46.74,47.29,1786727,TMUS,7/28/2020 16:00,105,105.5,104,104.52,3670038
VZ,7/29/2020 16:00,57.37,57.69,57.16,57.45,9341803,LYV,7/29/2020 16:00,47.19,47.67,46.28,46.94,1447877,TMUS,7/29/2020 16:00,105.22,106.37,104.54,105.78,3606340
VZ,7/30/2020 16:00,57.21,57.46,57.14,57.3,12635807,LYV,7/30/2020 16:00,46.31,46.63,45.82,46.47,1540109,TMUS,7/30/2020 16:00,104.72,105.95,104.59,105.48,2689603
VZ,7/31/2020 16:00,56.85,57.5,56.65,57.48,16195136,LYV,7/31/2020 16:00,46.66,47.29,45.42,46.81,1606512,TMUS,7/31/2020 16:00,105.63,107.42,105.05,107.38,4119560
VZ,8/3/2020 16:00,57.87,57.87,57.12,57.24,13494539,LYV,8/3/2020 16:00,46.68,47.04,44.95,46.67,1662058,TMUS,8/3/2020 16:00,107.98,108.74,106.82,106.88,4548307
VZ,8/4/2020 16:00,57.2,58.14,57.18,57.91,11600950,LYV,8/4/2020 16:00,46.62,48.99,46.44,47.76,1965234,TMUS,8/4/2020 16:00,106.63,108.42,106.38,108.39,2991189
VZ,8/5/2020 16:00,58.16,58.19,57.41,57.54,9811687,LYV,8/5/2020 16:00,48.5,48.6,47.04,47.64,2102484,TMUS,8/5/2020 16:00,108.74,109.16,107.26,107.9,3114618
VZ,8/6/2020 16:00,57.5,57.95,57.45,57.83,10369912,LYV,8/6/2020 16:00,47.11,47.5,45.57,47.47,4398214,TMUS,8/6/2020 16:00,107.32,108.3,107.18,108.1,4016593
VZ,8/7/2020 16:00,57.82,58.55,57.65,58.53,12783922,LYV,8/7/2020 16:00,47.11,47.98,46.44,47.65,2237274,TMUS,8/7/2020 16:00,113.24,118,113.09,115.09,13771167
VZ,8/10/2020 16:00,58.65,59.15,58.47,58.99,12114527,LYV,8/10/2020 16:00,48.01,52.09,48.01,50.8,3381048,TMUS,8/10/2020 16:00,115.06,116.65,113.6,116.07,4812695
VZ,8/11/2020 16:00,59.3,59.61,58.25,58.51,12833071,LYV,8/11/2020 16:00,52.14,53.05,51.3,51.69,3263264,TMUS,8/11/2020 16:00,116.08,116.2,113.28,113.59,4763144
VZ,8/12/2020 16:00,58.6,58.97,58.52,58.6,10804024,LYV,8/12/2020 16:00,52.41,52.5,50.75,51.35,1181105,TMUS,8/12/2020 16:00,114.27,116.24,114.07,115.25,3512765
VZ,8/13/2020 16:00,58.3,58.6,58.19,58.52,7428615,LYV,8/13/2020 16:00,50.98,52.02,50.88,51.3,1302015,TMUS,8/13/2020 16:00,115.15,117.15,114.89,115.37,3030470
VZ,8/14/2020 16:00,58.48,58.94,58.25,58.79,8715886,LYV,8/14/2020 16:00,50.62,51.94,50.6,51.48,1121079,TMUS,8/14/2020 16:00,115.7,116.09,114.33,115.49,2027736
VZ,8/17/2020 16:00,58.73,58.93,58.55,58.78,8371892,LYV,8/17/2020 16:00,51.66,51.66,49.65,50.89,2395884,TMUS,8/17/2020 16:00,115.98,117.32,115.82,116.87,3308932
VZ,8/18/2020 16:00,58.86,59.47,58.78,59.18,10130832,LYV,8/18/2020 16:00,50.8,51.02,49.8,50.32,1195319,TMUS,8/18/2020 16:00,117.68,117.73,115.86,116.02,2363260
VZ,8/19/2020 16:00,59.36,59.44,58.93,59.05,10816317,LYV,8/19/2020 16:00,50.62,52,50.44,51.56,1774601,TMUS,8/19/2020 16:00,116.69,116.93,114.92,115.14,2700447
VZ,8/20/2020 16:00,58.6,59.09,58.59,58.96,8061476,LYV,8/20/2020 16:00,50.75,51.76,50.5,51.55,1501049,TMUS,8/20/2020 16:00,114.56,115.86,114.51,115.4,2268754
VZ,8/21/2020 16:00,59,59.04,58.54,58.99,11059276,LYV,8/21/2020 16:00,51.48,52.64,51.02,51.12,1524896,TMUS,8/21/2020 16:00,114.34,115.25,113.38,115.01,2841035
VZ,8/24/2020 16:00,59.1,59.61,59,59.57,10931471,LYV,8/24/2020 16:00,51.39,54.12,51.11,54.09,2363693,TMUS,8/24/2020 16:00,115.03,116.09,114.76,115.26,2713778
VZ,8/25/2020 16:00,59.7,59.75,59.18,59.42,11316837,LYV,8/25/2020 16:00,54.16,54.72,52.97,53.68,2291298,TMUS,8/25/2020 16:00,115.56,115.56,114.6,115.41,2322267
VZ,8/26/2020 16:00,59.3,59.5,58.9,59.46,15096368,LYV,8/26/2020 16:00,53.46,53.74,52.18,52.64,1889903,TMUS,8/26/2020 16:00,115.11,116.24,114.74,116.19,2953430
VZ,8/27/2020 16:00,59.6,59.79,59.41,59.43,11405256,LYV,8/27/2020 16:00,53.37,58.5,53.02,57.26,6403065,TMUS,8/27/2020 16:00,116.62,116.62,115,115.24,2464847
VZ,8/28/2020 16:00,59.41,59.41,58.82,59.26,11873883,LYV,8/28/2020 16:00,57.41,59.03,57.02,58.71,3098115,TMUS,8/28/2020 16:00,115.25,116.35,114.88,116.26,2798033
VZ,8/31/2020 16:00,59.04,59.44,59.02,59.27,14555477,LYV,8/31/2020 16:00,58.73,58.73,56.66,56.8,2264040,TMUS,8/31/2020 16:00,115.49,117.11,115.41,116.68,3926105
VZ,9/1/2020 16:00,59.12,59.3,58.78,59.16,13359389,LYV,9/1/2020 16:00,56.11,58,55.85,57.2,1846048,TMUS,9/1/2020 16:00,116.63,117.33,115.95,116.9,2938637
VZ,9/2/2020 16:00,59.15,60.74,59,60.53,21711851,LYV,9/2/2020 16:00,56.66,57.94,56.45,57.9,1779002,TMUS,9/2/2020 16:00,117.83,119.2,117.14,118.88,3600379
VZ,9/3/2020 16:00,60.83,61.28,60.14,60.61,23126843,LYV,9/3/2020 16:00,58,59.48,55.38,56.1,2563206,TMUS,9/3/2020 16:00,118.7,119.15,113.93,114.84,4411922
VZ,9/4/2020 16:00,60.48,61.5,60.06,60.48,22250107,LYV,9/4/2020 16:00,56.99,58.3,56.03,57.58,3629891,TMUS,9/4/2020 16:00,115.49,116,112.21,114.29,4690951
VZ,9/8/2020 16:00,60.8,60.8,59.62,59.96,18469724,LYV,9/8/2020 16:00,56.03,58.53,55.67,57.81,2403605,TMUS,9/8/2020 16:00,112.63,113.85,111.08,111.57,5686502
VZ,9/9/2020 16:00,60.12,60.75,59.97,60.04,15896198,LYV,9/9/2020 16:00,58,58.13,56.05,57.24,2774282,TMUS,9/9/2020 16:00,111.64,114.56,111.64,113.2,4024445
VZ,9/10/2020 16:00,60.23,60.25,59.41,59.53,15811194,LYV,9/10/2020 16:00,57.53,59.31,56.74,56.93,2619726,TMUS,9/10/2020 16:00,113.11,114.95,111.26,111.72,3862016
VZ,9/11/2020 16:00,59.58,59.96,59.36,59.79,13924836,LYV,9/11/2020 16:00,56.99,57.43,56.37,57.14,1303988,TMUS,9/11/2020 16:00,112.28,113.42,110.45,111.58,3098311
VZ,9/14/2020 16:00,60.02,60.78,60,60.32,11932525,LYV,9/14/2020 16:00,57.7,58.87,57,58.66,1498736,TMUS,9/14/2020 16:00,112.95,113.49,111.64,112.27,3939425
VZ,9/15/2020 16:00,60.11,61.1,60.1,60.6,9444313,LYV,9/15/2020 16:00,58.66,59.06,57.83,58.85,2074937,TMUS,9/15/2020 16:00,113.12,116.15,112.48,115.93,4821923
VZ,9/16/2020 16:00,60.53,60.93,60.32,60.37,12700861,LYV,9/16/2020 16:00,58.92,60.67,58.69,59.97,2756931,TMUS,9/16/2020 16:00,116.41,117.42,113.49,113.76,5759104
VZ,9/17/2020 16:00,60.6,60.99,60.1,60.59,14996157,LYV,9/17/2020 16:00,59.39,60.24,57.91,58.56,1534767,TMUS,9/17/2020 16:00,110.94,112.79,110.11,111.91,5859348
VZ,9/18/2020 16:00,60.18,60.94,60.15,60.35,22584518,LYV,9/18/2020 16:00,58.42,58.76,56.51,56.99,2911424,TMUS,9/18/2020 16:00,112.21,112.65,107.79,110.72,8822916
VZ,9/21/2020 16:00,60,60.08,59.02,59.61,15871367,LYV,9/21/2020 16:00,55.5,55.76,52.51,53.16,4599245,TMUS,9/21/2020 16:00,109.92,110.67,108.9,110.57,4562640
VZ,9/22/2020 16:00,59.73,60.37,59.52,59.82,12198931,LYV,9/22/2020 16:00,53.54,54.08,52.28,53.11,2077328,TMUS,9/22/2020 16:00,111.64,112.61,110.64,112.39,4332243
VZ,9/23/2020 16:00,59.83,60.14,58.85,58.91,15416213,LYV,9/23/2020 16:00,53.63,54.14,51.3,51.34,2379837,TMUS,9/23/2020 16:00,112.8,112.83,108.66,109,3542047
VZ,9/24/2020 16:00,59,59.56,58.65,59.19,10875276,LYV,9/24/2020 16:00,50.78,52.18,50.12,50.91,2202035,TMUS,9/24/2020 16:00,108.21,112.15,108.15,110.55,4184905
VZ,9/25/2020 16:00,58.85,59.45,58.81,59.39,10676512,LYV,9/25/2020 16:00,50.79,53.58,50.78,53.24,1743854,TMUS,9/25/2020 16:00,110.25,112.56,109.71,112.02,5135097
VZ,9/28/2020 16:00,59.56,59.8,59.18,59.36,11910453,LYV,9/28/2020 16:00,54.19,55.09,53.3,54.41,1531777,TMUS,9/28/2020 16:00,112.87,114.48,112.49,114.24,5850920
VZ,9/29/2020 16:00,59.28,59.49,59.1,59.24,10008194,LYV,9/29/2020 16:00,54.17,54.32,53,53.29,1456546,TMUS,9/29/2020 16:00,114.35,114.84,113.29,113.52,3221574
VZ,9/30/2020 16:00,59.46,59.71,59.05,59.49,16348367,LYV,9/30/2020 16:00,53.62,55.5,53.45,53.88,1612104,TMUS,9/30/2020 16:00,113.36,115.09,112.01,114.36,5174394
VZ,10/1/2020 16:00,59.4,59.6,59.03,59.45,14547081,LYV,10/1/2020 16:00,54.37,54.58,52.93,53.74,1285957,TMUS,10/1/2020 16:00,115,116.43,113.89,115.73,4306879
VZ,10/2/2020 16:00,59.29,59.55,59.11,59.24,10741765,LYV,10/2/2020 16:00,52.24,55.25,52.12,54.73,1358976,TMUS,10/2/2020 16:00,114.41,115.7,113,113.41,4014904
VZ,10/5/2020 16:00,59.63,59.84,59.26,59.66,10457440,LYV,10/5/2020 16:00,55.28,55.52,53.93,54.56,1814720,TMUS,10/5/2020 16:00,113.46,114.99,113.42,114.8,2657343
VZ,10/6/2020 16:00,59.76,59.97,59.33,59.46,12524942,LYV,10/6/2020 16:00,55.01,56.68,53.8,54.21,1943023,TMUS,10/6/2020 16:00,113.61,114.47,111.8,112.45,3335475
VZ,10/7/2020 16:00,59.62,59.78,59.2,59.61,13674664,LYV,10/7/2020 16:00,55.23,55.97,54.43,54.82,1174575,TMUS,10/7/2020 16:00,113.02,114.52,112.62,114.22,3367494
VZ,10/8/2020 16:00,59.12,59.73,58.97,59.19,14266446,LYV,10/8/2020 16:00,55.25,56.38,54.64,56.27,1525466,TMUS,10/8/2020 16:00,114.89,115.6,114.28,115.49,2254766
VZ,10/9/2020 16:00,59.25,59.54,59.08,59.33,9846192,LYV,10/9/2020 16:00,56.95,57.98,56.76,56.83,1584190,TMUS,10/9/2020 16:00,115.58,117.52,115.52,117.23,3340123
VZ,10/12/2020 16:00,59.33,59.68,59.15,59.55,20211240,LYV,10/12/2020 16:00,56.13,56.37,54.69,55.84,1142940,TMUS,10/12/2020 16:00,118.06,121.36,117.4,120.07,6498662
VZ,10/13/2020 16:00,59.7,59.72,58.85,59.36,22109564,LYV,10/13/2020 16:00,55.84,55.84,54.62,54.69,1122156,TMUS,10/13/2020 16:00,120.8,123.42,120.07,121.57,5326459
VZ,10/14/2020 16:00,59.46,59.52,58.39,58.43,16596707,LYV,10/14/2020 16:00,54.5,55.42,54.15,54.36,975099,TMUS,10/14/2020 16:00,122.05,122.24,116.45,116.67,6639798
VZ,10/15/2020 16:00,58.11,58.28,57.72,58.16,13645772,LYV,10/15/2020 16:00,53.67,54.6,52.5,54.37,1574936,TMUS,10/15/2020 16:00,115.81,116.95,114.07,115.3,3287558
VZ,10/16/2020 16:00,58.08,58.43,58.01,58.05,13366404,LYV,10/16/2020 16:00,54.67,55.54,54.19,54.6,1201731,TMUS,10/16/2020 16:00,115.81,116.78,114.85,114.96,3762899
VZ,10/19/2020 16:00,58.15,58.29,57.08,57.3,16075107,LYV,10/19/2020 16:00,55.17,55.95,53.76,53.97,1537012,TMUS,10/19/2020 16:00,115.47,115.55,112.01,112.75,3037461
VZ,10/20/2020 16:00,57.54,57.67,56.76,57.25,18696193,LYV,10/20/2020 16:00,54.59,56.41,54.26,55.64,1991629,TMUS,10/20/2020 16:00,113.9,114.21,112.7,113.07,2744994
VZ,10/21/2020 16:00,57.11,57.71,56.69,56.75,21498297,LYV,10/21/2020 16:00,55.07,55.69,54.25,55.29,1195448,TMUS,10/21/2020 16:00,112.67,113.79,112.21,112.42,3029688
VZ,10/22/2020 16:00,56.93,57.66,56.51,57.33,16638556,LYV,10/22/2020 16:00,55.81,57.09,55.6,56.83,1569642,TMUS,10/22/2020 16:00,112.77,113.76,110.88,111.64,3604483
VZ,10/23/2020 16:00,57.75,57.97,57.46,57.96,12879556,LYV,10/23/2020 16:00,57.19,57.74,56.01,57.16,1596000,TMUS,10/23/2020 16:00,112.5,112.62,110.9,112.38,2269311
VZ,10/26/2020 16:00,57.52,57.85,56.97,57.81,15196813,LYV,10/26/2020 16:00,55.95,56.43,52.91,54.53,1958554,TMUS,10/26/2020 16:00,111.18,112.04,110.02,111.78,2764670
VZ,10/27/2020 16:00,57.7,57.85,57.31,57.38,12253033,LYV,10/27/2020 16:00,53.77,53.91,51.82,51.85,2242096,TMUS,10/27/2020 16:00,111.78,113.56,111.13,112.82,2628909
VZ,10/28/2020 16:00,56.92,57.35,56.12,56.31,18720210,LYV,10/28/2020 16:00,50.66,50.66,48.91,49.4,3433464,TMUS,10/28/2020 16:00,111.3,111.93,109.66,109.8,3661845
VZ,10/29/2020 16:00,56.16,57.31,56.02,56.76,19146139,LYV,10/29/2020 16:00,49.07,50,48.53,49.67,2133193,TMUS,10/29/2020 16:00,109.28,111.04,108.9,109.51,2895872
VZ,10/30/2020 16:00,56.6,57.07,56.37,56.99,17636905,LYV,10/30/2020 16:00,49.41,49.95,47.97,48.8,1979465,TMUS,10/30/2020 16:00,108.86,109.76,107.56,109.57,4041188
VZ,11/2/2020 16:00,57.67,58.21,57,57.7,16086426,LYV,11/2/2020 16:00,49.39,50.48,48.57,50.23,1709498,TMUS,11/2/2020 16:00,111.14,111.14,108.75,110.39,3145029
VZ,11/3/2020 16:00,57.81,58.38,57.51,57.75,10693451,LYV,11/3/2020 16:00,51.11,53.97,50.88,53.34,2917588,TMUS,11/3/2020 16:00,111.25,112.39,110.71,111.12,3341389
VZ,11/4/2020 16:00,57.19,57.85,56.58,57.22,20785665,LYV,11/4/2020 16:00,53,55.99,52.45,54.73,2763851,TMUS,11/4/2020 16:00,113.91,116.88,112.81,116.02,5025909
VZ,11/5/2020 16:00,58.01,58.97,57.8,58.15,20156427,LYV,11/5/2020 16:00,55.33,56.76,54.88,56.43,1975597,TMUS,11/5/2020 16:00,117.57,119.31,116.28,117.26,7669706
VZ,11/6/2020 16:00,58.08,58.75,58.01,58.53,11986215,LYV,11/6/2020 16:00,55.99,56.55,53.15,56.04,2996164,TMUS,11/6/2020 16:00,127,127.03,122.71,123.56,8931300
VZ,11/9/2020 16:00,60.04,60.58,59.51,59.84,24265943,LYV,11/9/2020 16:00,67.4,72.72,64.17,64.36,14776495,TMUS,11/9/2020 16:00,125.48,126.96,122.57,122.78,6190557
VZ,11/10/2020 16:00,60.28,61.41,60.2,61.1,22051821,LYV,11/10/2020 16:00,62.75,65.51,62.49,65.26,5791154,TMUS,11/10/2020 16:00,119.03,123.24,118.6,121.72,4454849
VZ,11/11/2020 16:00,61.29,61.35,60.47,61,12196929,LYV,11/11/2020 16:00,65.31,65.61,62.71,63.69,3643079,TMUS,11/11/2020 16:00,122.63,126.03,122.04,125.15,3931577
VZ,11/12/2020 16:00,60.91,61.01,60.34,60.79,13297928,LYV,11/12/2020 16:00,62.87,63.36,61.5,62.24,3106856,TMUS,11/12/2020 16:00,125.41,127.8,124.73,126.81,3558580
VZ,11/13/2020 16:00,60.63,61.19,60.38,61.06,10655566,LYV,11/13/2020 16:00,62.83,66.45,62.75,66.08,4098929,TMUS,11/13/2020 16:00,127.33,128.52,126.31,128.23,3399950
VZ,11/16/2020 16:00,60.81,61.46,60.7,60.89,14289351,LYV,11/16/2020 16:00,68.86,69.54,66.16,68.32,5280489,TMUS,11/16/2020 16:00,129.82,130.11,127.56,128.65,3444455
VZ,11/17/2020 16:00,60.56,61.02,60.36,60.75,11698188,LYV,11/17/2020 16:00,66.93,69.05,66.81,68.78,3470603,TMUS,11/17/2020 16:00,130.6,132.33,128.72,129,3648464
VZ,11/18/2020 16:00,61.13,61.15,60.3,60.32,11698771,LYV,11/18/2020 16:00,69.4,71.02,67.01,67.09,4362891,TMUS,11/18/2020 16:00,129.63,130.51,127.84,127.85,3222918
VZ,11/19/2020 16:00,60.4,60.44,59.9,60.21,12662962,LYV,11/19/2020 16:00,66.85,68.46,66.49,66.91,1589944,TMUS,11/19/2020 16:00,127.3,130.23,127.11,129.19,2427023
VZ,11/20/2020 16:00,60.21,60.33,59.95,60.04,14225740,LYV,11/20/2020 16:00,66.66,67.03,65,66.31,2082488,TMUS,11/20/2020 16:00,129.66,130.34,128.36,129.68,4388200
VZ,11/23/2020 16:00,60.01,60.39,60,60.23,11602198,LYV,11/23/2020 16:00,67.26,68.86,66.75,68.3,2107144,TMUS,11/23/2020 16:00,129.87,130.15,126.91,127.88,4177210
VZ,11/24/2020 16:00,60.6,60.8,60.36,60.64,15485015,LYV,11/24/2020 16:00,69.8,70.53,68.83,69.31,2561500,TMUS,11/24/2020 16:00,127.47,129.02,125.76,128.06,4694679
VZ,11/25/2020 16:00,60.67,60.74,60.33,60.41,10604314,LYV,11/25/2020 16:00,69.09,69.09,67.23,68.29,1219183,TMUS,11/25/2020 16:00,128.79,129.63,127.76,128.74,3562674
VZ,11/27/2020 13:00,60.52,60.74,60.41,60.58,5763683,LYV,11/27/2020 13:00,68.43,68.81,67.04,67.23,808777,TMUS,11/27/2020 13:00,129.12,132.47,128.87,131.9,2278372
VZ,11/30/2020 16:00,60.32,60.6,60.19,60.41,21839106,LYV,11/30/2020 16:00,66.74,67.25,64.92,65.65,2262282,TMUS,11/30/2020 16:00,131.9,133.05,130.13,132.94,5746041
VZ,12/1/2020 16:00,60.43,60.92,60.28,60.58,14283160,LYV,12/1/2020 16:00,66.56,69.33,66.25,68.11,2794452,TMUS,12/1/2020 16:00,132.92,133.94,132.24,133.73,3968513
VZ,12/2/2020 16:00,61.4,61.95,61.01,61.36,14169946,LYV,12/2/2020 16:00,67.65,70.39,66.87,69.9,2646617,TMUS,12/2/2020 16:00,133.64,134.24,132.41,133.14,2926991
VZ,12/3/2020 16:00,61.11,61.83,61.04,61.74,11937197,LYV,12/3/2020 16:00,70.44,70.83,68.71,69.22,1891235,TMUS,12/3/2020 16:00,131.65,132.97,131.09,131.19,3587959
VZ,12/4/2020 16:00,61.55,61.8,61.27,61.55,10495842,LYV,12/4/2020 16:00,69.62,70.22,69.51,70,2250433,TMUS,12/4/2020 16:00,131.63,131.98,130.68,131.8,2029174
VZ,12/7/2020 16:00,61.52,61.7,61.18,61.35,12537547,LYV,12/7/2020 16:00,69.5,70.13,68.5,69.93,2155127,TMUS,12/7/2020 16:00,132.08,133.08,131.92,132.96,2637360
VZ,12/8/2020 16:00,61.18,61.7,60.88,61.45,13421083,LYV,12/8/2020 16:00,69.6,70.61,68.95,69.89,2525731,TMUS,12/8/2020 16:00,132.83,133.43,131.82,133.15,2442876
VZ,12/9/2020 16:00,61.45,61.82,61.09,61.46,14949506,LYV,12/9/2020 16:00,71.11,71.35,68.61,70.26,1985333,TMUS,12/9/2020 16:00,133.88,133.88,130.57,131.12,3660502
VZ,12/10/2020 16:00,61.26,61.35,60.33,60.51,15464439,LYV,12/10/2020 16:00,69.54,72.43,69.4,72.33,2295297,TMUS,12/10/2020 16:00,130.73,131.88,130.04,130.56,4164484
VZ,12/11/2020 16:00,60.08,60.53,59.97,60.35,13672966,LYV,12/11/2020 16:00,71.24,71.96,69.68,70.93,2605621,TMUS,12/11/2020 16:00,130.57,131.63,129.69,131.23,2405262
VZ,12/14/2020 16:00,60.61,61.06,59.77,59.98,15706487,LYV,12/14/2020 16:00,71.9,74.25,70.27,70.35,2534955,TMUS,12/14/2020 16:00,131.02,132.97,129.23,129.36,5296987
VZ,12/15/2020 16:00,60.07,60.74,59.97,60.55,15877173,LYV,12/15/2020 16:00,70.47,73.72,70.38,73.17,3240509,TMUS,12/15/2020 16:00,129.7,130.71,128.78,130,2906341
VZ,12/16/2020 16:00,60.2,60.45,59.67,59.91,17165868,LYV,12/16/2020 16:00,73.05,73.63,72.18,72.98,1717028,TMUS,12/16/2020 16:00,130.65,130.65,129.11,129.81,3262167
VZ,12/17/2020 16:00,59.98,60.15,59.61,60.01,12095487,LYV,12/17/2020 16:00,73.24,74.29,72.51,73.98,1799886,TMUS,12/17/2020 16:00,130.32,130.76,129.65,130.01,4132224
VZ,12/18/2020 16:00,60,60.78,59.79,60.46,31909355,LYV,12/18/2020 16:00,74.12,74.45,73.11,73.43,4166473,TMUS,12/18/2020 16:00,130.3,132.14,129.51,131.92,8782907
VZ,12/21/2020 16:00,60.06,60.13,59.28,59.49,18567510,LYV,12/21/2020 16:00,70.9,73.08,70.32,72.18,2453193,TMUS,12/21/2020 16:00,130,131.23,127.63,130.22,3259744
VZ,12/22/2020 16:00,59.32,59.42,58.86,58.99,12958662,LYV,12/22/2020 16:00,72.39,72.63,71.26,72.01,1847618,TMUS,12/22/2020 16:00,131.93,132.42,130.26,132.25,3061482
VZ,12/23/2020 16:00,59.2,59.28,58.89,58.96,14012385,LYV,12/23/2020 16:00,72.02,73.06,71.58,71.63,1845681,TMUS,12/23/2020 16:00,132.25,132.87,130.95,132.23,2152440
VZ,12/24/2020 13:00,59,59.07,58.66,58.84,7751101,LYV,12/24/2020 13:00,71.93,72.04,71.35,71.64,381838,TMUS,12/24/2020 13:00,132.78,133.83,132.59,132.92,901102
VZ,12/28/2020 16:00,59.16,59.18,58.65,58.98,15355626,LYV,12/28/2020 16:00,71.78,75.57,71.73,74.68,2305042,TMUS,12/28/2020 16:00,134.23,134.76,131.4,133,2569114
VZ,12/29/2020 16:00,59.03,59.24,58.64,58.81,15686127,LYV,12/29/2020 16:00,75,75.34,74.18,74.51,1921807,TMUS,12/29/2020 16:00,133.52,133.97,131.65,133.14,1672539
VZ,12/30/2020 16:00,58.83,58.94,58.06,58.14,18259792,LYV,12/30/2020 16:00,74.25,75.09,74.25,74.57,1232982,TMUS,12/30/2020 16:00,133.52,133.83,132.51,133.28,1673134
VZ,12/31/2020 16:00,58.06,58.8,58.02,58.75,12906334,LYV,12/31/2020 16:00,74.37,74.85,73.15,73.48,1117820,TMUS,12/31/2020 16:00,133.15,135,133.1,134.85,2080626
VZ,1/4/2021 16:00,58.96,59.15,58.44,58.85,19129819,LYV,1/4/2021 16:00,73.37,73.79,69.95,70.67,2355012,TMUS,1/4/2021 16:00,134.3,134.98,130.46,132.43,3433164
VZ,1/5/2021 16:00,58.86,59.09,58.46,58.58,16220030,LYV,1/5/2021 16:00,70.25,73.11,70.25,72,1642205,TMUS,1/5/2021 16:00,131.95,132.24,130.46,131.85,2544524
VZ,1/6/2021 16:00,58.81,59.54,58.54,59.29,22678540,LYV,1/6/2021 16:00,72.72,74.49,71.72,72.62,2630653,TMUS,1/6/2021 16:00,130.72,131.98,129.61,131.53,4485950
VZ,1/7/2021 16:00,58.27,58.76,58.08,58.53,19079876,LYV,1/7/2021 16:00,72.91,74.49,72.19,73.01,1355576,TMUS,1/7/2021 16:00,133.81,135.45,133.16,133.19,4928104
VZ,1/8/2021 16:00,58.23,58.36,57.37,57.8,28411561,LYV,1/8/2021 16:00,73.21,74.06,72.65,73.46,2259290,TMUS,1/8/2021 16:00,133.26,135.2,132.23,135.06,2951158
VZ,1/11/2021 16:00,57.75,58.05,57.29,57.46,15701548,LYV,1/11/2021 16:00,72.48,74,71.53,72.24,2328255,TMUS,1/11/2021 16:00,134,135.54,132.75,132.93,3084163
VZ,1/12/2021 16:00,57.27,57.45,56.69,57.26,22699274,LYV,1/12/2021 16:00,72.4,73.59,71.72,73.37,1864205,TMUS,1/12/2021 16:00,132.88,133.47,127.67,128.69,5374573
VZ,1/13/2021 16:00,57.22,57.25,56.88,57.06,16985371,LYV,1/13/2021 16:00,73.46,74.42,73.05,73.32,2163193,TMUS,1/13/2021 16:00,129.14,129.9,128.45,128.5,2917272
VZ,1/14/2021 16:00,56.89,57.43,56.66,57.04,18341088,LYV,1/14/2021 16:00,73.82,75.16,73.25,73.33,2119274,TMUS,1/14/2021 16:00,129.03,130.42,123.9,124.69,6359743
VZ,1/15/2021 16:00,56.78,57.5,56.71,57.38,15785274,LYV,1/15/2021 16:00,72.89,72.93,70.83,71.57,1738786,TMUS,1/15/2021 16:00,124.75,127.9,124.75,127.28,4741035
VZ,1/19/2021 16:00,57.44,57.58,56.98,57.05,18821289,LYV,1/19/2021 16:00,70.87,78,70.38,76.54,6217691,TMUS,1/19/2021 16:00,128.69,130.43,127.12,129.85,4033823
VZ,1/20/2021 16:00,57.01,57.39,56.66,57.26,19923097,LYV,1/20/2021 16:00,76.53,77.05,73.67,73.73,3201304,TMUS,1/20/2021 16:00,130.12,132.42,129.5,132.3,4230427
VZ,1/21/2021 16:00,57.19,57.51,57.05,57.27,13604851,LYV,1/21/2021 16:00,73.75,74.74,73.05,74.59,1725628,TMUS,1/21/2021 16:00,132.71,132.71,129.85,130.4,2688341
VZ,1/22/2021 16:00,57.17,57.69,56.76,57.47,16364509,LYV,1/22/2021 16:00,73.5,74.34,72.02,72.28,2667828,TMUS,1/22/2021 16:00,130.44,131.32,129.12,130.36,2501591
VZ,1/25/2021 16:00,57.47,58.62,57.18,58.42,22444344,LYV,1/25/2021 16:00,71.69,71.99,68.38,69.21,3563589,TMUS,1/25/2021 16:00,130.75,132.4,129.67,131.1,2892807
VZ,1/26/2021 16:00,56.99,57.28,56.41,56.57,37892724,LYV,1/26/2021 16:00,69.87,70.2,67.53,68.7,2500980,TMUS,1/26/2021 16:00,130.02,132.71,130,131.41,3218974
VZ,1/27/2021 16:00,56.64,56.96,55.06,55.13,37238983,LYV,1/27/2021 16:00,67.6,70.02,66.36,68.52,2795968,TMUS,1/27/2021 16:00,129.69,130,122.45,123.27,7023139
VZ,1/28/2021 16:00,55,56.33,55,55.37,24000758,LYV,1/28/2021 16:00,70,70.56,68.04,69.18,2215538,TMUS,1/28/2021 16:00,125.79,129.6,124.5,127.77,5000209
VZ,1/29/2021 16:00,55,55.27,54.48,54.75,26231159,LYV,1/29/2021 16:00,68.62,68.89,65.88,66.45,2924608,TMUS,1/29/2021 16:00,126.56,129.23,125.37,126.08,4597364
VZ,2/1/2021 16:00,55.27,55.27,54.22,54.28,20541083,LYV,2/1/2021 16:00,67.39,68.19,66.25,67.56,2350815,TMUS,2/1/2021 16:00,126.29,129.35,125.21,128.42,4070209
VZ,2/2/2021 16:00,54.43,55.17,54.17,54.5,18974486,LYV,2/2/2021 16:00,68.9,71.94,68.63,70.38,3246645,TMUS,2/2/2021 16:00,128.63,132.41,128.07,131.89,3455993
VZ,2/3/2021 16:00,54.31,54.9,54.25,54.79,13909319,LYV,2/3/2021 16:00,70.86,71.91,70.61,71.44,1121648,TMUS,2/3/2021 16:00,131.85,132.65,128.75,129.37,3918351
VZ,2/4/2021 16:00,54.76,55.37,54.59,55.14,14761726,LYV,2/4/2021 16:00,72.2,75.71,71.88,75.02,2816186,TMUS,2/4/2021 16:00,130.31,130.85,129.37,130.6,7395974
VZ,2/5/2021 16:00,55.2,55.68,55.17,55.32,12069509,LYV,2/5/2021 16:00,75.16,75.43,73.66,74.34,2043226,TMUS,2/5/2021 16:00,129.02,129.59,124.55,125.28,10319059
VZ,2/8/2021 16:00,55.37,55.48,54.79,55.05,17887731,LYV,2/8/2021 16:00,75,76.76,74.32,76.39,1435753,TMUS,2/8/2021 16:00,126.2,126.26,122.54,126.1,5742639
VZ,2/9/2021 16:00,55.02,55.3,54.68,55,19605590,LYV,2/9/2021 16:00,76.32,78.33,75.32,77.52,1833960,TMUS,2/9/2021 16:00,125.92,125.99,124.05,124.45,3342881
VZ,2/10/2021 16:00,55.22,55.44,54.92,54.96,16232811,LYV,2/10/2021 16:00,77.82,80.81,76.7,79.63,2910574,TMUS,2/10/2021 16:00,125.11,125.66,124.32,124.49,2879980
VZ,2/11/2021 16:00,55.02,55.06,54.48,54.6,17398762,LYV,2/11/2021 16:00,80.17,83.08,79.37,81.04,3470333,TMUS,2/11/2021 16:00,125.43,125.45,123.46,124.4,3085307
VZ,2/12/2021 16:00,54.42,54.68,54.18,54.2,18357315,LYV,2/12/2021 16:00,81.03,84.21,80.87,84.17,4125688,TMUS,2/12/2021 16:00,123.81,124.05,122.68,123.68,2713023
VZ,2/16/2021 16:00,54.11,54.32,53.83,54.15,22095664,LYV,2/16/2021 16:00,85.01,86.72,83.81,85.01,3511677,TMUS,2/16/2021 16:00,122.98,123.38,121.38,122,4247536
VZ,2/17/2021 16:00,56,57.25,55.63,56.99,40617209,LYV,2/17/2021 16:00,84.59,85.48,83.15,84.86,2172021,TMUS,2/17/2021 16:00,121.89,122.95,120.83,121.3,6108997
VZ,2/18/2021 16:00,56.94,57.61,56.53,56.98,20759946,LYV,2/18/2021 16:00,84.79,84.79,83.35,84.45,1751908,TMUS,2/18/2021 16:00,120.85,123.24,119.6,123.04,6126292
VZ,2/19/2021 16:00,57.33,57.4,56.35,56.45,18689447,LYV,2/19/2021 16:00,84.85,88.69,84.75,88.09,2418829,TMUS,2/19/2021 16:00,123.1,123.72,119.4,120.1,4961134
VZ,2/22/2021 16:00,56.53,56.84,56.15,56.45,17854896,LYV,2/22/2021 16:00,87.89,91.38,87.2,88.85,3670078,TMUS,2/22/2021 16:00,119.15,119.85,117.4,117.91,5138507
VZ,2/23/2021 16:00,56.81,57.53,56.29,57.03,21061968,LYV,2/23/2021 16:00,89.24,90.46,86.18,90.33,4952920,TMUS,2/23/2021 16:00,117.88,119.65,115.89,119.22,6390227
VZ,2/24/2021 16:00,57.08,57.42,56.67,57.12,17136948,LYV,2/24/2021 16:00,89.89,92.87,89.42,90.49,2753405,TMUS,2/24/2021 16:00,117.72,119.51,116.77,119.38,4424972
VZ,2/25/2021 16:00,56.12,56.86,55.74,56.5,24165326,LYV,2/25/2021 16:00,91.07,91.18,85.66,87.22,3255258,TMUS,2/25/2021 16:00,124.49,125.34,119.74,120.89,11337265
VZ,2/26/2021 16:00,56.47,56.61,55.29,55.3,23935172,LYV,2/26/2021 16:00,88.82,91.03,85.25,88.86,2507012,TMUS,2/26/2021 16:00,119.75,121.66,118.88,119.97,5117952
VZ,3/1/2021 16:00,55.49,55.95,55.28,55.36,20550351,LYV,3/1/2021 16:00,91.1,94.25,90.79,92.86,2195621,TMUS,3/1/2021 16:00,120.31,123.93,120.27,123.57,5813819
VZ,3/2/2021 16:00,55.31,55.52,54.92,54.98,17184557,LYV,3/2/2021 16:00,92.09,92.79,89.84,90.57,1900844,TMUS,3/2/2021 16:00,123.9,124.56,122.42,122.45,4797734
VZ,3/3/2021 16:00,54.56,55.97,54.4,55.38,22838740,LYV,3/3/2021 16:00,89.15,94.63,88.81,91.75,2724060,TMUS,3/3/2021 16:00,121.44,121.94,118.62,118.84,5390215
VZ,3/4/2021 16:00,55.55,55.62,54.53,54.8,23691963,LYV,3/4/2021 16:00,91.8,93.73,88.71,91.14,3187074,TMUS,3/4/2021 16:00,119.19,121.52,117.41,118.61,4884173
VZ,3/5/2021 16:00,54.95,56.2,54.92,56,23598091,LYV,3/5/2021 16:00,91.79,91.97,86.4,89.81,2920126,TMUS,3/5/2021 16:00,120.02,125.35,118.54,124.68,7944302
VZ,3/8/2021 16:00,55.95,57.3,55.82,56.79,23648823,LYV,3/8/2021 16:00,91.5,91.83,88.76,89.4,1680260,TMUS,3/8/2021 16:00,124.09,128.46,123.85,127.06,7416016
VZ,3/9/2021 16:00,56.9,57.1,56.17,56.2,20956420,LYV,3/9/2021 16:00,90.14,90.34,87.24,87.26,2057804,TMUS,3/9/2021 16:00,129.02,129.84,125.46,126.31,6409488
VZ,3/10/2021 16:00,56.69,57.29,55.85,57.08,18848587,LYV,3/10/2021 16:00,88.03,89.38,87.49,88.17,1933980,TMUS,3/10/2021 16:00,128.43,129.12,126.06,127.41,4027759
VZ,3/11/2021 16:00,57.01,57.19,55.47,55.51,30312882,LYV,3/11/2021 16:00,89.3,89.3,87.79,88.78,1177678,TMUS,3/11/2021 16:00,127.86,130.2,123.88,125.99,8824488
VZ,3/12/2021 16:00,55.73,56.17,55.61,55.63,22002419,LYV,3/12/2021 16:00,88.32,89.05,86.76,87.88,2036321,TMUS,3/12/2021 16:00,126.57,127.67,124.68,127.12,6122524
VZ,3/15/2021 16:00,55.81,55.94,55.1,55.64,18983383,LYV,3/15/2021 16:00,88.02,90.36,87.75,90.16,2124056,TMUS,3/15/2021 16:00,128.32,128.57,124.08,125.63,5601115
VZ,3/16/2021 16:00,55.7,55.92,55.44,55.64,19044720,LYV,3/16/2021 16:00,90.22,90.23,86.27,88.01,1828062,TMUS,3/16/2021 16:00,125.8,128.81,124.84,127.78,4433176
VZ,3/17/2021 16:00,55.77,56.12,55.29,55.75,17866950,LYV,3/17/2021 16:00,87.13,87.74,85.67,86.69,1711797,TMUS,3/17/2021 16:00,126.33,128.02,125.52,127.3,3471786
VZ,3/18/2021 16:00,55.75,56.37,55.66,56.31,19970729,LYV,3/18/2021 16:00,86.36,89.94,84.76,87.89,4214935,TMUS,3/18/2021 16:00,125.38,126.54,124.82,124.91,3835061
VZ,3/19/2021 16:00,56.43,56.52,55.95,56.24,39055022,LYV,3/19/2021 16:00,87.46,87.76,84.37,84.68,2781328,TMUS,3/19/2021 16:00,124.73,125.71,122.96,124.19,8848346
VZ,3/22/2021 16:00,55.87,56.67,55.77,56.59,20656571,LYV,3/22/2021 16:00,84.68,85.94,83.66,84.28,1927434,TMUS,3/22/2021 16:00,124.66,127.1,124.64,126.11,4851005
VZ,3/23/2021 16:00,56.42,57.42,56.38,56.91,20084121,LYV,3/23/2021 16:00,83.83,83.83,81.13,81.64,2013961,TMUS,3/23/2021 16:00,126.94,127.33,124.22,124.39,3653238
VZ,3/24/2021 16:00,56.74,57.43,56.63,57.01,14819764,LYV,3/24/2021 16:00,82.16,83.9,81.53,81.55,1526686,TMUS,3/24/2021 16:00,125.28,125.3,122.31,122.36,3673104
VZ,3/25/2021 16:00,57.05,57.54,56.7,57.38,18047418,LYV,3/25/2021 16:00,80.39,84.31,79.15,83.82,2207257,TMUS,3/25/2021 16:00,124.21,124.28,121.15,123.48,4259288
VZ,3/26/2021 16:00,57.43,58.25,57.38,58.18,19632699,LYV,3/26/2021 16:00,84.14,86.35,82.46,84.04,3212802,TMUS,3/26/2021 16:00,123.87,124.72,121.02,122.99,4274705
VZ,3/29/2021 16:00,58.09,58.98,57.95,58.83,18577278,LYV,3/29/2021 16:00,83.41,83.95,81.42,81.75,1553947,TMUS,3/29/2021 16:00,122.56,124.67,121.9,123.46,3255974
VZ,3/30/2021 16:00,58.87,58.97,58.23,58.59,13239746,LYV,3/30/2021 16:00,81.92,84.06,80.82,83.49,1342803,TMUS,3/30/2021 16:00,123.53,125.39,122.28,124.64,4592512
VZ,3/31/2021 16:00,58.4,58.52,58.06,58.15,19531730,LYV,3/31/2021 16:00,84.02,85.22,83.68,84.65,1976245,TMUS,3/31/2021 16:00,124.25,125.93,124.15,125.29,4160388
VZ,4/1/2021 16:00,58.02,58.39,57.74,58.3,12885075,LYV,4/1/2021 16:00,85.5,88.15,84.97,88.07,2002641,TMUS,4/1/2021 16:00,125.86,127.66,124.85,127.65,4281660
VZ,4/5/2021 16:00,58.53,59.13,58.46,58.87,14326323,LYV,4/5/2021 16:00,89.27,89.44,87.1,87.55,1653179,TMUS,4/5/2021 16:00,128.47,131.66,128.23,131.4,4316131
VZ,4/6/2021 16:00,58.81,59.11,58.68,59.11,12198315,LYV,4/6/2021 16:00,87.62,89.4,87.48,88.93,1807811,TMUS,4/6/2021 16:00,130.37,131.99,130.37,131.43,4906642
VZ,4/7/2021 16:00,59.13,59.46,58.79,59,13218407,LYV,4/7/2021 16:00,88.88,88.88,86.58,86.68,1283559,TMUS,4/7/2021 16:00,130.91,131.1,129.09,130.02,3057107
VZ,4/8/2021 16:00,58.04,58.13,57.53,57.6,16472396,LYV,4/8/2021 16:00,86.66,87.11,85.78,87,1288233,TMUS,4/8/2021 16:00,130.88,130.91,129.61,130.11,2422809
VZ,4/9/2021 16:00,57.6,57.8,57.25,57.49,13871989,LYV,4/9/2021 16:00,87.18,87.36,85.14,86,1452583,TMUS,4/9/2021 16:00,130.53,130.53,128.18,129.03,2388312
VZ,4/12/2021 16:00,57.66,57.89,57.43,57.54,19564560,LYV,4/12/2021 16:00,85.76,85.98,84.03,84.88,1333633,TMUS,4/12/2021 16:00,128.49,131,128.23,130.76,2435777
VZ,4/13/2021 16:00,57.37,57.76,57.16,57.62,15489076,LYV,4/13/2021 16:00,84.1,84.12,81.92,82.67,3035586,TMUS,4/13/2021 16:00,130.3,131.2,129.67,130.79,4516398
VZ,4/14/2021 16:00,57.5,58.13,57.29,57.7,13890134,LYV,4/14/2021 16:00,83.05,84.65,81.75,82.05,2379273,TMUS,4/14/2021 16:00,130.68,130.79,129.61,129.9,2921544
VZ,4/15/2021 16:00,57.56,57.91,57.54,57.7,13338438,LYV,4/15/2021 16:00,82.59,83.03,80.18,80.25,2332339,TMUS,4/15/2021 16:00,131.1,131.8,130.12,131.47,3241245
VZ,4/16/2021 16:00,58.07,58.48,57.8,58.28,19866192,LYV,4/16/2021 16:00,80.63,81.72,80.51,80.99,1905500,TMUS,4/16/2021 16:00,131.99,133.55,131.32,133.05,3540286
VZ,4/19/2021 16:00,58.5,58.71,58.09,58.39,11955362,LYV,4/19/2021 16:00,80.98,82.44,80.44,81.58,2980865,TMUS,4/19/2021 16:00,133.59,133.64,131.92,131.99,2575824
VZ,4/20/2021 16:00,58.12,58.54,57.97,58.39,16673643,LYV,4/20/2021 16:00,80.99,81.31,77.73,78.45,2466929,TMUS,4/20/2021 16:00,131.7,131.7,128.48,130.55,3332393
VZ,4/21/2021 16:00,58.4,58.84,58.05,58.14,18310063,LYV,4/21/2021 16:00,78.07,81.33,77.44,81.28,2571217,TMUS,4/21/2021 16:00,130.96,132.5,129.81,132.12,3368371
VZ,4/22/2021 16:00,57.94,58.09,57.14,57.28,20921933,LYV,4/22/2021 16:00,81.52,81.89,79.9,80.98,3544912,TMUS,4/22/2021 16:00,132,132.88,130.59,131.73,3324462
VZ,4/23/2021 16:00,57.13,57.47,56.78,57.3,18103499,LYV,4/23/2021 16:00,81.79,82.17,81.14,81.78,1315123,TMUS,4/23/2021 16:00,131.75,133.91,131.4,133.32,3025541
VZ,4/26/2021 16:00,57.36,57.39,56.85,56.94,15073593,LYV,4/26/2021 16:00,82.41,83.29,82.05,82.62,1027007,TMUS,4/26/2021 16:00,133.41,133.41,131.91,132.5,2721749
VZ,4/27/2021 16:00,56.58,56.72,56.2,56.32,21858610,LYV,4/27/2021 16:00,83.03,83.37,82.06,82.28,923277,TMUS,4/27/2021 16:00,133.11,133.24,131.48,132.92,3008587
VZ,4/28/2021 16:00,56.37,56.66,56.34,56.43,12862540,LYV,4/28/2021 16:00,82.4,83.5,82.22,82.42,899691,TMUS,4/28/2021 16:00,132.35,132.64,131.53,132.08,2011401
VZ,4/29/2021 16:00,56.55,57.52,56.53,57.32,18169162,LYV,4/29/2021 16:00,83.02,83.88,81.8,82.61,822763,TMUS,4/29/2021 16:00,132.15,134.07,132.15,134.01,3402002
VZ,4/30/2021 16:00,57.35,57.86,56.96,57.79,16861522,LYV,4/30/2021 16:00,82.02,82.81,81.56,81.88,943267,TMUS,4/30/2021 16:00,133.05,133.18,131.51,132.13,4138415
VZ,5/3/2021 16:00,58.23,58.33,57.87,57.92,17559067,LYV,5/3/2021 16:00,82.64,82.97,81.55,82.15,942184,TMUS,5/3/2021 16:00,132.58,132.78,130.91,131.45,4192277
VZ,5/4/2021 16:00,57.98,58.65,57.95,58.6,22067720,LYV,5/4/2021 16:00,81.71,82.09,78.46,79.28,1587559,TMUS,5/4/2021 16:00,130.83,131.13,127.09,128.48,4891763
VZ,5/5/2021 16:00,58.63,59.06,58.55,58.69,12182500,LYV,5/5/2021 16:00,79.59,79.75,78.7,78.77,1296212,TMUS,5/5/2021 16:00,131.46,135.33,131.42,134.13,8802928
VZ,5/6/2021 16:00,58.91,59.37,58.69,59.29,14593094,LYV,5/6/2021 16:00,78.99,79.57,74.91,75.12,4018823,TMUS,5/6/2021 16:00,133.68,138.98,132.21,138.88,8150179
VZ,5/7/2021 16:00,58.8,59.07,58.6,58.72,15678645,LYV,5/7/2021 16:00,74.36,80.37,74.01,79.96,2994630,TMUS,5/7/2021 16:00,138.58,140.19,138.35,139.12,5831552
VZ,5/10/2021 16:00,59.08,59.85,59.02,59.52,22562999,LYV,5/10/2021 16:00,82.11,85.34,80.53,83.06,3858473,TMUS,5/10/2021 16:00,138.33,139.72,135.69,135.81,5251565
VZ,5/11/2021 16:00,59.79,59.79,58.29,58.54,17971888,LYV,5/11/2021 16:00,81.2,82.56,79.9,81.95,2901703,TMUS,5/11/2021 16:00,135.11,138.25,134.67,138,3151621
VZ,5/12/2021 16:00,58.25,58.9,58.15,58.41,14718588,LYV,5/12/2021 16:00,82.36,82.53,77.82,77.91,2493217,TMUS,5/12/2021 16:00,135.98,137.38,135.85,136.64,3903568
VZ,5/13/2021 16:00,58,59.19,57.96,58.81,13307891,LYV,5/13/2021 16:00,78.18,81.55,78.18,81.23,2477495,TMUS,5/13/2021 16:00,137.07,139.1,136.45,138.12,3737977
VZ,5/14/2021 16:00,59.01,59.26,58.67,58.69,13770302,LYV,5/14/2021 16:00,82.59,85.87,82.35,85.8,3493088,TMUS,5/14/2021 16:00,139.06,143.09,138.73,141.52,5331130
VZ,5/17/2021 16:00,58.89,59.07,57.87,57.94,22386982,LYV,5/17/2021 16:00,85.22,86.5,83.11,84.52,2570471,TMUS,5/17/2021 16:00,140.15,140.47,139.17,140.2,5452195
VZ,5/18/2021 16:00,57.5,57.5,56.64,57.18,26578952,LYV,5/18/2021 16:00,84.78,88.78,84.64,87.09,5445270,TMUS,5/18/2021 16:00,139.98,139.98,134.86,135,8235639
VZ,5/19/2021 16:00,56.52,56.94,56.35,56.92,20213485,LYV,5/19/2021 16:00,85.18,87.39,84.25,87.3,2785977,TMUS,5/19/2021 16:00,133.67,134.67,132.49,134.35,6709196
VZ,5/20/2021 16:00,56.91,57.25,56.75,56.79,20768855,LYV,5/20/2021 16:00,87.64,89.69,87.1,88.37,2616278,TMUS,5/20/2021 16:00,134.59,136.68,134.3,136.16,4445979
VZ,5/21/2021 16:00,57.06,57.3,56.74,56.91,15474382,LYV,5/21/2021 16:00,89.46,89.66,87.91,89.26,2498408,TMUS,5/21/2021 16:00,137.34,137.43,135.79,136.05,3718978
VZ,5/24/2021 16:00,57.09,57.3,56.78,56.98,12970736,LYV,5/24/2021 16:00,89.66,92.02,88.33,91.72,2272153,TMUS,5/24/2021 16:00,136.6,138.41,136.19,137.73,4432041
VZ,5/25/2021 16:00,57,57.03,56.29,56.48,15935074,LYV,5/25/2021 16:00,93.02,93.07,89.28,90.37,3173635,TMUS,5/25/2021 16:00,137.97,138.88,136.73,136.76,6094287
VZ,5/26/2021 16:00,56.47,56.56,56.27,56.36,14045237,LYV,5/26/2021 16:00,90.9,91.4,89.9,90.3,1265736,TMUS,5/26/2021 16:00,136.78,140.87,136.63,139.65,6267104
VZ,5/27/2021 16:00,56.32,56.55,56.02,56.29,30754268,LYV,5/27/2021 16:00,90.78,91,88.88,90.52,1973890,TMUS,5/27/2021 16:00,140.48,142.16,139.81,141.31,8141098
VZ,5/28/2021 16:00,56.35,56.64,56.29,56.49,14027803,LYV,5/28/2021 16:00,91.18,91.5,89.94,90.11,1086346,TMUS,5/28/2021 16:00,141.81,142.6,141.41,141.45,4197731
VZ,6/1/2021 16:00,56.75,56.86,56.24,56.38,14922777,LYV,6/1/2021 16:00,91.1,92.12,90.28,91.97,1545945,TMUS,6/1/2021 16:00,141.66,142.91,141.45,141.7,3752704
VZ,6/2/2021 16:00,56.31,56.84,56.17,56.65,13681114,LYV,6/2/2021 16:00,91.93,92.43,90.32,90.91,2211339,TMUS,6/2/2021 16:00,141.8,142.11,139.94,140.98,3589665
VZ,6/3/2021 16:00,56.7,57.22,56.58,56.98,14212510,LYV,6/3/2021 16:00,90.19,91.11,88.78,90.03,1820684,TMUS,6/3/2021 16:00,140.22,142.86,140.02,142.32,4503705
VZ,6/4/2021 16:00,56.92,57.37,56.9,57.3,11868076,LYV,6/4/2021 16:00,90.46,91.05,89.06,89.24,1205155,TMUS,6/4/2021 16:00,142.99,144.77,142.5,144.51,3484039
