Date,Open,High,Low,Close,Volume,Date,Open,High,Low,Close,Volume,Date,Open,High,Low,Close,Volume
6/5/2020 16:00:00,3475,3506.63,3397,3491.07,26707,6/5/2020 16:00:00,7.24,7.5,7.02,7.34,208648166,6/5/2020 16:00:00,90.42,93.72,86.65,87.2,6686190
6/8/2020 16:00:00,3500,3619.26,3499.5,3524.75,24384,6/8/2020 16:00:00,7.53,7.74,7.37,7.53,113169300,6/8/2020 16:00:00,89.86,90.78,88.54,89.7,4554527
6/9/2020 16:00:00,3497,3500,3405.27,3428.69,18841,6/9/2020 16:00:00,7.22,7.44,7.05,7.24,115749606,6/9/2020 16:00:00,87.8,87.83,85.25,86.13,3087065
6/10/2020 16:00:00,3420,3473,3309.53,3420.34,19273,6/10/2020 16:00:00,7.33,7.34,6.77,6.81,147327062,6/10/2020 16:00:00,85.38,85.92,82.35,82.83,3943085
6/11/2020 16:00:00,3315.2,3339.97,3098.63,3098.63,30767,6/11/2020 16:00:00,6.07,6.46,6.04,6.13,116184727,6/11/2020 16:00:00,78,80.61,76.73,77.59,5266458
6/12/2020 16:00:00,3207.92,3273.44,3101.05,3175.37,24368,6/12/2020 16:00:00,6.56,6.63,6.3,6.46,88778026,6/12/2020 16:00:00,80.93,81,76.16,77.45,4733592
6/15/2020 16:00:00,3050,3278.88,3050,3236.34,54222,6/15/2020 16:00:00,6.18,6.58,6.11,6.5,104742595,6/15/2020 16:00:00,74.54,78.43,73.85,77.48,3404488
6/16/2020 16:00:00,3299.15,3462.51,3299.15,3450.06,47136,6/16/2020 16:00:00,6.87,6.87,6.44,6.55,109535182,6/16/2020 16:00:00,81.29,81.74,76.72,78.25,3104173
6/17/2020 16:00:00,3470,3510,3440.02,3482.1,40915,6/17/2020 16:00:00,6.56,6.56,6.31,6.33,67831355,6/17/2020 16:00:00,77.86,78.47,75.85,76.42,3457760
6/18/2020 16:00:00,3431.86,3463.1,3335,3360.97,23358,6/18/2020 16:00:00,6.26,6.45,6.19,6.33,61301776,6/18/2020 16:00:00,75.74,79.14,75.43,78.16,3898964
6/19/2020 16:00:00,3435,3435,3255.7,3298.28,30965,6/19/2020 16:00:00,6.64,6.69,6.23,6.23,126127803,6/19/2020 16:00:00,79.23,79.26,75.39,76.17,4250957
6/22/2020 16:00:00,3278.64,3301.12,3240.39,3278.11,28146,6/22/2020 16:00:00,6.27,6.28,6.13,6.28,71724254,6/22/2020 16:00:00,75.95,76.81,74.83,76.08,1949483
6/23/2020 16:00:00,3320,3320,3254.94,3270.74,16313,6/23/2020 16:00:00,6.33,6.38,6.14,6.15,86672823,6/23/2020 16:00:00,76.74,76.95,75.16,75.68,3956916
6/24/2020 16:00:00,3240.87,3240.87,3103.24,3186.84,28317,6/24/2020 16:00:00,6.06,6.12,5.86,5.95,75536274,6/24/2020 16:00:00,75,75,71.59,73.19,3776898
6/25/2020 16:00:00,3150,3224,3120,3193.2,24348,6/25/2020 16:00:00,5.86,6.05,5.8,6.03,73612736,6/25/2020 16:00:00,72.49,72.73,70.81,72.51,3999906
6/26/2020 16:00:00,3169.75,3187,3113.7,3167.64,71890,6/26/2020 16:00:00,6.04,6.07,5.81,5.91,118435386,6/26/2020 16:00:00,72.19,72.3,69.83,71.16,9989508
6/29/2020 16:00:00,3188,3210.42,3114.88,3190.77,22778,6/29/2020 16:00:00,5.91,6.07,5.81,6.01,58208433,6/29/2020 16:00:00,71.52,73.92,70.11,73.92,3244033
6/30/2020 16:00:00,3194.88,3270,3194.88,3258.75,32233,6/30/2020 16:00:00,5.98,6.1,5.9,6.08,61909299,6/30/2020 16:00:00,73.55,73.94,72.02,73.45,4377429
7/1/2020 16:00:00,3254.88,3269.47,3175.55,3185.9,21667,7/1/2020 16:00:00,6.1,6.18,5.95,5.98,62454691,7/1/2020 16:00:00,74.68,76.53,74.12,74.44,3177018
7/2/2020 16:00:00,3247.8,3274,3158.88,3170,26362,7/2/2020 16:00:00,6.1,6.17,6,6.05,67270506,7/2/2020 16:00:00,76.79,76.98,74.13,74.52,1766401
7/6/2020 16:00:00,3224.65,3316.15,3204.99,3306.47,23675,7/6/2020 16:00:00,6.14,6.2,6.11,6.19,63921782,7/6/2020 16:00:00,76.08,76.35,74.98,76.24,2942722
7/7/2020 16:00:00,3275,3320,3221.68,3241.07,16180,7/7/2020 16:00:00,6.14,6.2,6.09,6.12,56651981,7/7/2020 16:00:00,75.26,75.46,73.75,74.17,2761225
7/8/2020 16:00:00,3265,3339.4,3263.11,3331.42,19318,7/8/2020 16:00:00,6.13,6.18,6.05,6.09,60928647,7/8/2020 16:00:00,74.3,75.09,73.4,75.09,3597082
7/9/2020 16:00:00,3330,3330,3216.6,3244.48,15677,7/9/2020 16:00:00,6.09,6.1,5.82,5.84,82693009,7/9/2020 16:00:00,75.41,75.59,72.52,74.13,2809601
7/10/2020 16:00:00,3250.01,3282.95,3230.09,3270.71,12899,7/10/2020 16:00:00,5.8,6.1,5.74,6.1,73710729,7/10/2020 16:00:00,73.83,75.27,73.5,75.24,2168551
7/13/2020 16:00:00,3280,3340,3205.05,3214.63,15642,7/13/2020 16:00:00,6.15,6.22,6.05,6.06,80190674,7/13/2020 16:00:00,75.55,76.26,73.55,73.58,2984946
7/14/2020 16:00:00,3199.53,3306.5,3199.53,3306.49,15300,7/14/2020 16:00:00,6.18,6.39,6.08,6.36,106131848,7/14/2020 16:00:00,73.21,73.54,71.86,73.51,2452006
7/15/2020 16:00:00,3366.99,3366.99,3260,3337.32,21919,7/15/2020 16:00:00,6.54,6.78,6.52,6.74,101648718,7/15/2020 16:00:00,76.6,81.48,76.01,80.92,4597152
7/16/2020 16:00:00,3329.47,3365.98,3302.78,3345.05,15139,7/16/2020 16:00:00,6.66,6.9,6.63,6.86,93498514,7/16/2020 16:00:00,79.8,81.22,78.96,80.89,2863460
7/17/2020 16:00:00,3399.45,3460.57,3330.98,3342.8,18405,7/17/2020 16:00:00,6.9,6.91,6.73,6.8,80836727,7/17/2020 16:00:00,80.67,80.69,78.51,79.9,2270133
7/20/2020 16:00:00,3359.97,3417.53,3277.85,3397.12,16180,7/20/2020 16:00:00,6.8,6.85,6.58,6.66,71361660,7/20/2020 16:00:00,79.44,80.32,77.53,78.17,2103501
7/21/2020 16:00:00,3460.1,3470,3350,3373.46,23512,7/21/2020 16:00:00,6.71,6.81,6.64,6.68,63343850,7/21/2020 16:00:00,79.31,80.4,78.54,80.12,2087077
7/22/2020 16:00:00,3510.25,3770,3500,3733.8,51561,7/22/2020 16:00:00,6.64,6.88,6.61,6.84,75629569,7/22/2020 16:00:00,79.61,80.35,78.79,79.62,2584135
7/23/2020 16:00:00,3757.86,3899.99,3682,3726.19,25104,7/23/2020 16:00:00,6.87,7.06,6.8,6.98,88652587,7/23/2020 16:00:00,78.72,79.23,77.11,78.86,2150342
7/24/2020 16:00:00,3712,3837.87,3658,3810.39,27234,7/24/2020 16:00:00,6.9,7.01,6.86,6.88,62292045,7/24/2020 16:00:00,78.42,78.5,76.93,77.43,1257384
7/27/2020 16:00:00,3817.67,3961.24,3760.25,3912,31040,7/27/2020 16:00:00,6.92,6.94,6.77,6.93,60370153,7/27/2020 16:00:00,76.55,77.45,75.36,77.34,2389791
7/28/2020 16:00:00,3931.5,3936.96,3778.08,3787.8,27774,7/28/2020 16:00:00,6.9,7.05,6.9,7.01,56312514,7/28/2020 16:00:00,77.02,77.58,76.5,76.67,2194787
7/29/2020 16:00:00,3817,3937.36,3807.01,3934,19511,7/29/2020 16:00:00,7.05,7.06,6.83,6.92,59437160,7/29/2020 16:00:00,77.25,78.01,76.93,77.39,1605058
7/30/2020 16:00:00,3872,4000,3872,3943.55,23071,7/30/2020 16:00:00,6.74,6.83,6.67,6.74,58990992,7/30/2020 16:00:00,76.5,76.96,75.38,76.14,2288581
7/31/2020 16:00:00,3945,3979.5,3850.11,3930.15,14211,7/31/2020 16:00:00,6.89,6.9,6.52,6.61,115394121,7/31/2020 16:00:00,75.68,75.76,74.02,75.05,4115075
8/3/2020 16:00:00,3935,3988.55,3867.56,3874.2,18736,8/3/2020 16:00:00,6.65,6.72,6.53,6.69,53845888,8/3/2020 16:00:00,74.4,75.62,73.5,74.74,1965751
8/4/2020 16:00:00,3858,3869.85,3820,3867.47,11689,8/4/2020 16:00:00,6.91,6.91,6.73,6.86,69377566,8/4/2020 16:00:00,74.8,78.42,74.47,78.32,2856738
8/5/2020 16:00:00,3874.56,3874.56,3803.53,3831.69,23582,8/5/2020 16:00:00,6.86,7.03,6.86,6.96,82716372,8/5/2020 16:00:00,79.61,80.03,77.83,80,3932789
8/6/2020 16:00:00,3818.44,3877.52,3770.02,3873.98,17916,8/6/2020 16:00:00,6.93,7,6.89,6.93,48668518,8/6/2020 16:00:00,79.3,83.6,78.03,82.7,5000336
8/7/2020 16:00:00,3895,3942.55,3796.87,3875.01,22550,8/7/2020 16:00:00,6.87,6.92,6.79,6.86,47480059,8/7/2020 16:00:00,82.35,83.86,81.21,83.7,3257136
8/10/2020 16:00:00,3865,4001.32,3858.04,3910.01,23826,8/10/2020 16:00:00,6.91,7.13,6.91,7.09,57229040,8/10/2020 16:00:00,84.53,87.22,84.2,86.2,3588532
8/11/2020 16:00:00,3935.51,3983.62,3859.94,3934.4,36221,8/11/2020 16:00:00,7.21,7.38,7.19,7.23,74016358,8/11/2020 16:00:00,87.55,88.46,86.45,87.02,5012172
8/12/2020 16:00:00,3946.58,4059.5,3920,4035.47,31441,8/12/2020 16:00:00,7.33,7.37,7.06,7.11,59194125,8/12/2020 16:00:00,88.61,88.7,85.36,85.89,2169697
8/13/2020 16:00:00,3992.99,4074.17,3980,4050,14372,8/13/2020 16:00:00,7.03,7.18,7,7.03,50066758,8/13/2020 16:00:00,85.25,87.05,84.26,85.5,1721135
8/14/2020 16:00:00,4049,4051.08,3990.18,4044.81,17132,8/14/2020 16:00:00,6.97,7.11,6.93,7.04,43517662,8/14/2020 16:00:00,85.89,86.84,85.25,86,1899780
8/17/2020 16:00:00,4045,4185.24,4045,4145.39,18340,8/17/2020 16:00:00,7.05,7.06,6.87,6.98,64555154,8/17/2020 16:00:00,86.07,86.2,84.2,84.98,2360937
8/18/2020 16:00:00,4181.26,4222.24,4125.02,4197.05,29047,8/18/2020 16:00:00,6.98,7.01,6.89,6.89,40444196,8/18/2020 16:00:00,85.01,85.22,83.36,84.07,1806633
8/19/2020 16:00:00,4167.7,4197,4104.55,4151.03,17923,8/19/2020 16:00:00,6.89,7.02,6.86,6.87,44158123,8/19/2020 16:00:00,84.6,85.4,83.88,84.49,2010743
8/20/2020 16:00:00,4147.88,4196.99,4115,4155.62,13118,8/20/2020 16:00:00,6.77,6.89,6.73,6.84,41824523,8/20/2020 16:00:00,83.47,85.71,83.12,85.1,2274405
8/21/2020 16:00:00,4137.78,4247.97,4117,4223.76,20859,8/21/2020 16:00:00,6.78,6.85,6.65,6.66,39158895,8/21/2020 16:00:00,85.5,87.44,85.16,87.35,2318538
8/24/2020 16:00:00,4245.01,4317.58,4198,4310.09,31207,8/24/2020 16:00:00,6.73,7,6.69,6.98,64974707,8/24/2020 16:00:00,87.85,89.21,86.8,88.4,2468661
8/25/2020 16:00:00,4295.11,4295.11,4189.31,4224.28,17382,8/25/2020 16:00:00,7.01,7.1,6.86,6.94,49549976,8/25/2020 16:00:00,89.72,90.61,88.27,88.44,2053319
8/26/2020 16:00:00,4200.01,4242.87,4100,4220,23888,8/26/2020 16:00:00,6.94,6.97,6.77,6.82,48600095,8/26/2020 16:00:00,88.21,88.21,86.7,86.8,2210255
8/27/2020 16:00:00,4261.03,4318,4191.93,4218.28,21746,8/27/2020 16:00:00,6.83,6.98,6.83,6.91,45740870,8/27/2020 16:00:00,87.66,89.29,87.59,88.8,3373196
8/28/2020 16:00:00,4164.22,4260.02,4164.22,4207.18,14188,8/28/2020 16:00:00,6.93,6.95,6.86,6.94,39936920,8/28/2020 16:00:00,89.21,92.06,89.11,91.73,4251608
8/31/2020 16:00:00,4185.2,4218,4116.55,4168.34,22961,8/31/2020 16:00:00,6.9,6.93,6.79,6.82,50089521,8/31/2020 16:00:00,91.61,91.69,89.48,90.36,3461786
9/1/2020 16:00:00,4140,4199.87,4138.09,4186.88,16240,9/1/2020 16:00:00,6.77,6.87,6.72,6.83,48214176,9/1/2020 16:00:00,89.52,92.16,89.01,91.71,1712614
9/2/2020 16:00:00,4187,4247.43,4111.55,4219.21,12725,9/2/2020 16:00:00,6.81,6.97,6.77,6.95,59008942,9/2/2020 16:00:00,91.89,91.97,90.38,91.34,3952749
9/3/2020 16:00:00,4209.39,4209.39,4007.2,4030.8,24255,9/3/2020 16:00:00,6.92,7.09,6.76,6.82,78130883,9/3/2020 16:00:00,91.93,93.85,90.31,91.3,2541046
9/4/2020 16:00:00,4062.62,4080.75,3861.97,3931.93,22144,9/4/2020 16:00:00,6.86,6.95,6.75,6.9,70017540,9/4/2020 16:00:00,92.68,93.39,90.75,90.94,3776024
9/8/2020 16:00:00,3845.97,3998.1,3845.97,3915.61,16372,9/8/2020 16:00:00,6.83,7.17,6.81,7.03,84749275,9/8/2020 16:00:00,90.12,93.42,89.68,91.9,2781571
9/9/2020 16:00:00,3951,4040,3936.55,4012.24,11442,9/9/2020 16:00:00,7.07,7.1,6.93,6.97,56501430,9/9/2020 16:00:00,91.7,91.88,90.13,90.39,2237962
9/10/2020 16:00:00,4015,4059,3921.01,3953.96,14145,9/10/2020 16:00:00,6.99,7.04,6.87,6.91,69228601,9/10/2020 16:00:00,90.9,93.14,89.27,89.36,1774117
9/11/2020 16:00:00,3975.61,4068,3954.13,4047.27,15415,9/11/2020 16:00:00,6.94,7,6.85,7,55080562,9/11/2020 16:00:00,89.61,89.64,86.21,87.37,1974467
9/14/2020 16:00:00,4098.48,4146.38,4040,4142.22,25428,9/14/2020 16:00:00,7.01,7.18,6.98,7.12,58704316,9/14/2020 16:00:00,88.18,92.57,88.18,92.31,2139296
9/15/2020 16:00:00,4148,4242.41,4013.44,4020.99,20481,9/15/2020 16:00:00,7.16,7.18,7,7.04,65198498,9/15/2020 16:00:00,92.45,93.78,91.79,91.94,1945275
9/16/2020 16:00:00,4057.76,4239.55,4042.13,4219.53,25589,9/16/2020 16:00:00,7.05,7.12,6.99,7.02,46269822,9/16/2020 16:00:00,92.46,95.08,91.64,94.03,3831355
9/17/2020 16:00:00,4166.62,4182.2,4100,4147.88,30762,9/17/2020 16:00:00,7.04,7.34,6.98,7.28,84850147,9/17/2020 16:00:00,92.68,93.1,90.62,91.17,3427499
9/18/2020 16:00:00,4197,4197.2,4030.01,4033.3,54362,9/18/2020 16:00:00,7.31,7.4,7.22,7.23,71929396,9/18/2020 16:00:00,90.34,91.34,89.27,89.64,5451496
9/21/2020 16:00:00,3962.12,4017.57,3890.01,3931.29,23118,9/21/2020 16:00:00,7.09,7.09,6.81,6.87,72850263,9/21/2020 16:00:00,87.2,87.3,83.52,85.48,5031539
9/22/2020 16:00:00,3962.09,4052.94,3930.01,4044.52,17798,9/22/2020 16:00:00,6.89,6.99,6.77,6.78,55865537,9/22/2020 16:00:00,85.07,85.83,83.95,85.24,3816086
9/23/2020 16:00:00,4014.85,4032.02,3831.25,3853.15,19998,9/23/2020 16:00:00,6.81,6.93,6.63,6.64,52588559,9/23/2020 16:00:00,85.69,87.33,83.68,83.86,2540864
9/24/2020 16:00:00,3858.34,3977.53,3823.31,3909,14581,9/24/2020 16:00:00,6.6,6.76,6.41,6.66,59822911,9/24/2020 16:00:00,83.37,84.75,81.48,83.07,5307051
9/25/2020 16:00:00,3918,3963.05,3848,3930.51,12333,9/25/2020 16:00:00,6.61,6.71,6.5,6.51,53761843,9/25/2020 16:00:00,83.06,86.06,82.83,85.93,3255572
9/28/2020 16:00:00,3971,4104.1,3971,4078.55,14126,9/28/2020 16:00:00,6.59,6.77,6.58,6.69,47582634,9/28/2020 16:00:00,87.82,89.44,86.8,89.06,2289467
9/29/2020 16:00:00,4060.01,4065.66,3983.49,4001.56,11104,9/29/2020 16:00:00,6.69,6.7,6.54,6.6,39014263,9/29/2020 16:00:00,88.9,88.98,86.43,86.6,2977634
9/30/2020 16:00:00,4035.17,4152.15,4019,4083.12,22352,9/30/2020 16:00:00,6.61,6.75,6.59,6.66,55944608,9/30/2020 16:00:00,87.54,88.88,85.17,85.32,3127471
10/1/2020 16:00:00,4117.34,4240,4070.01,4228.31,19101,10/1/2020 16:00:00,6.71,6.77,6.63,6.75,58340607,10/1/2020 16:00:00,85.92,87.24,85.55,87.22,1779510
10/2/2020 16:00:00,4188,4250,4120,4194.98,13452,10/2/2020 16:00:00,6.62,6.93,6.6,6.89,60798406,10/2/2020 16:00:00,84.91,88.02,84.61,87.96,1644013
10/5/2020 16:00:00,4242.7,4265.26,4133.02,4215.58,16990,10/5/2020 16:00:00,6.95,7.05,6.95,7.02,42359406,10/5/2020 16:00:00,88.45,90.01,87.86,89.3,1342614
10/6/2020 16:00:00,4228.6,4268,4085.1,4145.26,24337,10/6/2020 16:00:00,7.06,7.25,6.96,6.98,78203805,10/6/2020 16:00:00,90.28,92.39,89.38,89.6,2128009
10/7/2020 16:00:00,4188,4252.7,4105.88,4208.82,17262,10/7/2020 16:00:00,7.11,7.25,7.06,7.23,50664144,10/7/2020 16:00:00,90.41,92.15,90.41,91.72,2108505
10/8/2020 16:00:00,4243.81,4376.78,4208.82,4348.4,14944,10/8/2020 16:00:00,7.29,7.35,7.2,7.35,54513310,10/8/2020 16:00:00,92.28,92.93,91.14,92.54,2202457
10/9/2020 16:00:00,4392.7,4428.1,4327.19,4399.01,18128,10/9/2020 16:00:00,7.36,7.44,7.23,7.25,50977882,10/9/2020 16:00:00,93,94.1,91.26,91.37,1654826
10/12/2020 16:00:00,4410,4457.5,4375,4429.24,12089,10/12/2020 16:00:00,7.36,7.87,7.33,7.67,97692932,10/12/2020 16:00:00,91.44,91.78,90.39,91.35,1411670
10/13/2020 16:00:00,4407,4490,4360,4446.88,27625,10/13/2020 16:00:00,7.82,7.88,7.63,7.76,74562568,10/13/2020 16:00:00,90.8,91.3,88.19,88.64,2085756
10/14/2020 16:00:00,4433.01,4466,4350.38,4360.77,18330,10/14/2020 16:00:00,7.73,7.75,7.55,7.57,57808898,10/14/2020 16:00:00,89,90.23,87.8,88.3,2241190
10/15/2020 16:00:00,4300,4480,4295.98,4446.65,14841,10/15/2020 16:00:00,7.42,7.62,7.37,7.62,49336159,10/15/2020 16:00:00,87.36,88.7,86.42,88.68,1330769
10/16/2020 16:00:00,4450.1,4530,4355,4372.19,17451,10/16/2020 16:00:00,7.71,7.75,7.61,7.67,47509411,10/16/2020 16:00:00,88.88,90.1,88.52,89.5,1901759
10/19/2020 16:00:00,4384.67,4413.71,4251.18,4251.18,17193,10/19/2020 16:00:00,7.68,7.72,7.57,7.59,38960741,10/19/2020 16:00:00,89.65,90.84,86.97,87.55,1557488
10/20/2020 16:00:00,4450,4501,4345,4399.77,45262,10/20/2020 16:00:00,7.62,7.85,7.58,7.74,63447005,10/20/2020 16:00:00,88.53,90.47,87.77,89.57,2279248
10/21/2020 16:00:00,4385,4423.2,4207.73,4244.75,21682,10/21/2020 16:00:00,7.77,7.88,7.73,7.85,51981072,10/21/2020 16:00:00,89.33,89.63,88.2,88.97,3418865
10/22/2020 16:00:00,4281.42,4289.95,4102,4135.03,24930,10/22/2020 16:00:00,7.93,8.22,7.89,8.21,74008467,10/22/2020 16:00:00,90.21,94.43,89.71,94.39,4378409
10/23/2020 16:00:00,4167.23,4220.86,4130,4205.99,21698,10/23/2020 16:00:00,8.3,8.35,8.09,8.16,62248980,10/23/2020 16:00:00,94.8,95.67,94.16,94.61,2407436
10/26/2020 16:00:00,4144.92,4150.01,4014.75,4037.52,15643,10/26/2020 16:00:00,8.04,8.07,7.94,8.03,62130950,10/26/2020 16:00:00,92.92,93,88.47,90.38,2002762
10/27/2020 16:00:00,4040,4080,3947.54,4000.66,25625,10/27/2020 16:00:00,8.01,8.09,7.9,7.92,64154483,10/27/2020 16:00:00,90.25,90.46,87.47,87.67,1667037
10/28/2020 16:00:00,3911.93,4071.12,3868.01,3983.38,19906,10/28/2020 16:00:00,7.68,7.88,7.63,7.7,82938283,10/28/2020 16:00:00,85.98,86.65,83.84,84.02,2279512
10/29/2020 16:00:00,4020.16,4052.8,3897.93,3996.27,20610,10/29/2020 16:00:00,8.17,8.24,7.85,7.9,118999898,10/29/2020 16:00:00,84.02,87.45,83.62,86.51,2546324
10/30/2020 16:00:00,3992.56,4049.08,3936.36,3953.09,21041,10/30/2020 16:00:00,7.85,7.91,7.61,7.73,79392475,10/30/2020 16:00:00,85.76,88.08,84.78,87.81,2335951
11/2/2020 16:00:00,4032,4094.98,3939.97,4029.27,20502,11/2/2020 16:00:00,7.83,7.86,7.68,7.71,59962912,11/2/2020 16:00:00,88,88.51,86.52,88,2352787
11/3/2020 16:00:00,3997.99,4156.02,3980.01,4118.98,20621,11/3/2020 16:00:00,7.76,7.93,7.73,7.88,65108842,11/3/2020 16:00:00,88.75,91.95,88.75,90.65,3040828
11/4/2020 16:00:00,4160,4314.98,4140,4218.06,29556,11/4/2020 16:00:00,7.86,7.87,7.63,7.64,67326839,11/4/2020 16:00:00,91.27,96.62,90.58,93.09,2985196
11/5/2020 16:00:00,4250,4371,4249.98,4261.9,17292,11/5/2020 16:00:00,7.76,7.99,7.71,7.99,61442609,11/5/2020 16:00:00,93.33,96.08,93.07,94.08,2397699
11/6/2020 16:00:00,4232.33,4232.33,4123.07,4146.33,19316,11/6/2020 16:00:00,8.01,8.02,7.75,7.79,50912118,11/6/2020 16:00:00,93.65,95.06,92.28,92.84,2859004
11/9/2020 16:00:00,4248.42,4248.42,3961.23,3974.91,48037,11/9/2020 16:00:00,8.11,8.38,8.08,8.2,110511311,11/9/2020 16:00:00,112.39,116.73,102.6,104.19,9584600
11/10/2020 16:00:00,4025,4188.58,3975.47,4139,32067,11/10/2020 16:00:00,8.23,8.59,8.18,8.38,87468359,11/10/2020 16:00:00,105,106.45,102.74,104.24,4420093
11/11/2020 16:00:00,4150,4317.82,4101.63,4240.49,26853,11/11/2020 16:00:00,8.6,8.6,8.29,8.33,75644426,11/11/2020 16:00:00,104.65,104.76,101.45,103.75,3696095
11/12/2020 16:00:00,4280,4280,4090.4,4149.71,24798,11/12/2020 16:00:00,8.26,8.29,8.1,8.21,82319824,11/12/2020 16:00:00,102.33,103.27,100.83,102.05,2702734
11/13/2020 16:00:00,4180,4311,4112.02,4247.94,17786,11/13/2020 16:00:00,8.23,8.57,8.23,8.54,79534153,11/13/2020 16:00:00,102.91,105.92,102.65,105.8,2638559
11/16/2020 16:00:00,4290,4372,4190.48,4318.03,25939,11/16/2020 16:00:00,8.74,8.85,8.61,8.8,84853863,11/16/2020 16:00:00,109.47,109.71,106.26,106.58,4475358
11/17/2020 16:00:00,4286.26,4424.95,4254.57,4277.26,17283,11/17/2020 16:00:00,8.66,8.85,8.63,8.75,46754509,11/17/2020 16:00:00,104.56,105.21,102.54,103.34,2732885
11/18/2020 16:00:00,4253.52,4358.12,4253.52,4290.27,15458,11/18/2020 16:00:00,8.82,9.05,8.78,8.82,77759269,11/18/2020 16:00:00,103.37,105.63,102.9,103.35,1901575
11/19/2020 16:00:00,4300,4308,4182.2,4215.53,21922,11/19/2020 16:00:00,8.88,8.88,8.74,8.82,56672693,11/19/2020 16:00:00,102.33,103.58,102.01,102.8,3283998
11/20/2020 16:00:00,4235.2,4239.48,4150,4160.1,17835,11/20/2020 16:00:00,8.81,8.82,8.68,8.74,57024269,11/20/2020 16:00:00,102.85,103.37,101.45,101.76,2302673
11/23/2020 16:00:00,4180,4205,4125.66,4194.58,13586,11/23/2020 16:00:00,8.82,8.98,8.78,8.86,71537109,11/23/2020 16:00:00,102.89,105.05,102.41,105.05,3428477
11/24/2020 16:00:00,4229,4229,4127.4,4162.03,18087,11/24/2020 16:00:00,9.15,9.5,9.14,9.45,99520477,11/24/2020 16:00:00,107.97,109.62,107.03,108.94,2827058
11/25/2020 16:00:00,4166.1,4207.5,4095.86,4110.76,23263,11/25/2020 16:00:00,9.2,9.25,9,9.08,95217812,11/25/2020 16:00:00,108,108.15,106.22,106.3,1847299
11/27/2020 13:00:00,4130.6,4161.27,4070.02,4120.22,6872,11/27/2020 13:00:00,9.12,9.14,9.03,9.09,27853853,11/27/2020 13:00:00,106.62,107,104.17,104.41,1008660
11/30/2020 16:00:00,4097.93,4100,3950.01,3997.18,38855,11/30/2020 16:00:00,9.23,9.23,8.98,9.08,77970082,11/30/2020 16:00:00,104.04,104.28,101.77,103.63,2952870
12/1/2020 16:00:00,4016,4047.67,3978.8,3994.22,27938,12/1/2020 16:00:00,9.16,9.4,9.16,9.24,68970330,12/1/2020 16:00:00,105.26,105.64,103.87,104.84,1946709
12/2/2020 16:00:00,3980.58,3999.34,3893,3899.1,30337,12/2/2020 16:00:00,9.16,9.24,9.08,9.2,48344954,12/2/2020 16:00:00,104.3,107.19,103.8,106.75,2069214
12/3/2020 16:00:00,3900,4050,3875.2,4000,30588,12/3/2020 16:00:00,9.26,9.32,9.15,9.21,50302055,12/3/2020 16:00:00,107.13,111.54,107.13,109.16,3119179
12/4/2020 16:00:00,3998.4,4029.53,3943.03,3999.99,30768,12/4/2020 16:00:00,9.26,9.44,9.24,9.34,48775547,12/4/2020 16:00:00,109.87,111.24,108.63,110.85,1261749
12/7/2020 16:00:00,3989.19,4059.59,3955.54,4000,21439,12/7/2020 16:00:00,9.31,9.33,9.15,9.22,58305187,12/7/2020 16:00:00,110.28,110.41,108.33,109.83,1622628
12/8/2020 16:00:00,3960,3999.9,3925.56,3929.78,36933,12/8/2020 16:00:00,9.19,9.33,9.17,9.25,56296667,12/8/2020 16:00:00,108.64,110.76,108.61,109.05,1838455
12/9/2020 16:00:00,3964.52,4034.34,3962.48,4034.32,28391,12/9/2020 16:00:00,9.31,9.49,9.29,9.45,60780320,12/9/2020 16:00:00,109.5,109.96,105.7,106.7,2165248
12/10/2020 16:00:00,3994.13,4038.47,3978.7,3991.18,11204,12/10/2020 16:00:00,9.31,9.32,9.1,9.12,83372755,12/10/2020 16:00:00,106.25,107.85,105.2,107.36,2360118
12/11/2020 16:00:00,3980.97,4026.78,3980.97,4003.66,17037,12/11/2020 16:00:00,9.19,9.19,9.01,9.02,73438229,12/11/2020 16:00:00,106.81,107.61,104.3,104.74,2302741
12/14/2020 16:00:00,4021.18,4078.87,4012.01,4022,22334,12/14/2020 16:00:00,9.13,9.18,8.88,8.91,76826024,12/14/2020 16:00:00,106.39,106.39,102.98,103.04,2034861
12/15/2020 16:00:00,4039,4074.93,4007.07,4025,17465,12/15/2020 16:00:00,9.03,9.15,8.94,9.15,69665880,12/15/2020 16:00:00,105.55,105.9,102.91,104.97,1923449
12/16/2020 16:00:00,4057.32,4085,4016.85,4061.54,20681,12/16/2020 16:00:00,9.17,9.18,8.97,9.04,55274531,12/16/2020 16:00:00,104.97,105.36,103.3,104.41,1956111
12/17/2020 16:00:00,4102,4316.86,4102,4219.8,26037,12/17/2020 16:00:00,9.09,9.13,9,9.08,49301597,12/17/2020 16:00:00,105.04,105.35,103.55,104.7,2410709
12/18/2020 16:00:00,4234.63,4315,4205.03,4226.87,58930,12/18/2020 16:00:00,9.09,9.09,8.91,8.95,78764619,12/18/2020 16:00:00,105.01,106.92,104.42,104.61,5231831
12/21/2020 16:00:00,4155.63,4268.02,4123.6,4224.64,20467,12/21/2020 16:00:00,8.87,9.01,8.79,8.93,63908127,12/21/2020 16:00:00,101.95,104.86,101.33,103.99,3331310
12/22/2020 16:00:00,4225.28,4260,4170,4202.3,13174,12/22/2020 16:00:00,8.98,8.99,8.75,8.79,59157726,12/22/2020 16:00:00,104.04,104.56,102.65,102.95,2393209
12/23/2020 16:00:00,4210,4210,4137.49,4141.57,12507,12/23/2020 16:00:00,8.82,9.03,8.8,8.99,54086667,12/23/2020 16:00:00,104.02,106.83,103.32,106.51,2196356
12/24/2020 13:00:00,4128,4220,4119.86,4216.39,4269,12/24/2020 13:00:00,9.01,9.02,8.8,8.86,27926995,12/24/2020 13:00:00,106.56,106.89,105.65,106.89,822378
12/28/2020 16:00:00,4262.92,4274.99,4144,4156.6,13698,12/28/2020 16:00:00,8.92,8.98,8.86,8.89,38068418,12/28/2020 16:00:00,107.99,109.4,107.12,107.38,1575159
12/29/2020 16:00:00,4169.93,4180,4101,4126.82,11529,12/29/2020 16:00:00,8.93,8.93,8.78,8.82,37537854,12/29/2020 16:00:00,108.18,109.65,107.51,107.95,1428001
12/30/2020 16:00:00,4130.02,4187.89,4121.89,4127.66,9354,12/30/2020 16:00:00,8.83,8.92,8.81,8.86,38461904,12/30/2020 16:00:00,108.1,110.84,108.1,110.18,1405157
12/31/2020 16:00:00,4140.86,4140.86,4071.84,4079.86,12398,12/31/2020 16:00:00,8.84,8.86,8.78,8.79,40176529,12/31/2020 16:00:00,109.68,111.61,108.69,111.26,1571502
1/4/2021 16:00:00,4089.98,4106.79,3988,4040.65,23709,1/4/2021 16:00:00,8.81,8.84,8.43,8.52,85043079,1/4/2021 16:00:00,110.97,111.31,106.01,107.46,2759313
1/5/2021 16:00:00,4025.2,4049.99,3965,4008.91,26792,1/5/2021 16:00:00,8.47,8.72,8.46,8.65,70127787,1/5/2021 16:00:00,107,109.08,106.88,107.95,2564180
1/6/2021 16:00:00,3970,4021.49,3892,3966.49,29433,1/6/2021 16:00:00,8.79,8.94,8.68,8.84,72590208,1/6/2021 16:00:00,108.07,112.08,108.06,110.77,1868172
1/7/2021 16:00:00,3997.48,4080.73,3977.03,4025.93,29572,1/7/2021 16:00:00,8.94,9.08,8.88,9.06,77117101,1/7/2021 16:00:00,111.45,113.89,111.25,113.29,2640415
1/8/2021 16:00:00,4040.69,4077,3892.67,3930,44634,1/8/2021 16:00:00,9.1,9.14,8.89,9,59162167,1/8/2021 16:00:00,113.92,115.67,113.03,114.16,4065115
1/11/2021 16:00:00,3900,4016.1,3885,3986.87,34259,1/11/2021 16:00:00,8.87,9.32,8.82,9.3,96129537,1/11/2021 16:00:00,112.49,113.71,111.32,113.18,1527641
1/12/2021 16:00:00,3982.01,4006.32,3936.43,3963.19,30736,1/12/2021 16:00:00,9.3,9.82,9.29,9.78,124808542,1/12/2021 16:00:00,113.18,114.09,112.13,112.33,1811628
1/13/2021 16:00:00,3985,4088.52,3971.39,3971.4,22184,1/13/2021 16:00:00,9.91,9.92,9.64,9.78,89549250,1/13/2021 16:00:00,112.28,113.18,110.65,111.87,2041840
1/14/2021 16:00:00,3976,4013.72,3955.86,3975.05,20821,1/14/2021 16:00:00,9.81,10.2,9.79,10.17,112695252,1/14/2021 16:00:00,112.56,113.68,111.11,112.11,2360580
1/15/2021 16:00:00,3964.65,4030,3950.62,4009.95,18583,1/15/2021 16:00:00,10.04,10.05,9.82,9.83,99984954,1/15/2021 16:00:00,111.43,111.64,108.07,108.41,2169431
1/19/2021 16:00:00,4021,4168,4017.95,4160,31919,1/19/2021 16:00:00,10.06,10.21,9.97,10.02,78732758,1/19/2021 16:00:00,108.41,109.51,107.59,107.93,1839560
1/20/2021 16:00:00,4160,4364.75,4140.03,4278.82,37009,1/20/2021 16:00:00,10.23,10.87,10.19,10.86,125033167,1/20/2021 16:00:00,108.02,108.59,105.81,107.7,2771536
1/21/2021 16:00:00,4287.73,4464.61,4280,4451.5,37026,1/21/2021 16:00:00,11.28,12.15,11.12,11.53,282761553,1/21/2021 16:00:00,107.68,109.92,107.14,108.82,1799707
1/22/2021 16:00:00,4437,4498.99,4365.51,4485.91,28053,1/22/2021 16:00:00,11.66,11.69,11.34,11.52,130866617,1/22/2021 16:00:00,107.51,107.89,104.67,104.96,2894067
1/25/2021 16:00:00,4499,4545,4468,4540,30996,1/25/2021 16:00:00,11.49,11.52,10.88,11.29,118954503,1/25/2021 16:00:00,104.1,105.73,102.59,105.12,5310212
1/26/2021 16:00:00,4547.47,4610,4479.63,4545.72,43372,1/26/2021 16:00:00,11.31,11.53,11.12,11.19,66267456,1/26/2021 16:00:00,105.73,106.27,104.61,104.67,2800946
1/27/2021 16:00:00,4496.11,4570.42,4455,4535,40997,1/27/2021 16:00:00,11.02,11.17,10.7,10.79,82863034,1/27/2021 16:00:00,102.95,103.82,98.57,98.67,4592584
1/28/2021 16:00:00,4562.66,4562.66,4361.69,4518.21,43176,1/28/2021 16:00:00,10.84,11.05,10.71,10.72,77388655,1/28/2021 16:00:00,100.88,104.84,100.88,104,6544179
1/29/2021 16:00:00,4495,4516.6,4404.55,4446.48,37746,1/29/2021 16:00:00,10.59,10.84,10.45,10.53,73925821,1/29/2021 16:00:00,103.23,103.24,99.02,101.39,4844118
2/1/2021 16:00:00,4489.96,4549.98,4437.26,4530,39525,2/1/2021 16:00:00,10.65,11.44,10.36,10.83,157114400,2/1/2021 16:00:00,102.38,103.82,101.84,101.92,2861107
2/2/2021 16:00:00,4511.73,4556.11,4470.55,4509.98,42238,2/2/2021 16:00:00,11.14,11.2,10.71,10.86,80440704,2/2/2021 16:00:00,103.18,107.05,102.73,105.79,2556287
2/3/2021 16:00:00,4491.96,4523.2,4448,4499.57,35964,2/3/2021 16:00:00,10.92,11.36,10.84,11.2,82968550,2/3/2021 16:00:00,105.81,108.32,105.7,106.6,2373621
2/4/2021 16:00:00,4492,4585.64,4438.13,4552.11,17317,2/4/2021 16:00:00,11.4,11.62,11.17,11.37,106845045,2/4/2021 16:00:00,107.39,110.53,107.34,110.52,2091619
2/5/2021 16:00:00,4573.39,4693.59,4573.39,4668.41,19167,2/5/2021 16:00:00,11.8,11.9,11.3,11.51,113402102,2/5/2021 16:00:00,111.3,112.6,110.34,111.67,2280088
2/8/2021 16:00:00,4695.47,4806.54,4675,4740.93,22256,2/8/2021 16:00:00,11.52,11.58,11.31,11.56,75756688,2/8/2021 16:00:00,112.69,113.16,110.62,112.32,2061148
2/9/2021 16:00:00,4724,4740,4655.34,4699.74,15776,2/9/2021 16:00:00,11.54,12.04,11.49,11.93,102250761,2/9/2021 16:00:00,112.24,112.51,110.18,110.35,1590547
2/10/2021 16:00:00,4699,4769.18,4661.24,4701.83,19894,2/10/2021 16:00:00,12,12.02,11.53,11.76,76282462,2/10/2021 16:00:00,110.17,110.49,108.81,109.34,2750655
2/11/2021 16:00:00,4723.8,4790,4700,4708.33,18663,2/11/2021 16:00:00,11.66,11.74,11.31,11.45,55762914,2/11/2021 16:00:00,110.14,111.17,108.72,109.5,1792234
2/12/2021 16:00:00,4700,4725.9,4671.5,4700.02,19792,2/12/2021 16:00:00,11.42,11.62,11.37,11.45,44401187,2/12/2021 16:00:00,109.12,112.41,108.87,112.14,2128262
2/16/2021 16:00:00,4675,4694.26,4600,4650,27505,2/16/2021 16:00:00,11.5,11.7,11.38,11.54,48392080,2/16/2021 16:00:00,112.83,114.02,112,113.61,2927797
2/17/2021 16:00:00,4626.14,4727.58,4600,4704.4,22175,2/17/2021 16:00:00,11.61,11.61,11.37,11.48,49680999,2/17/2021 16:00:00,110.83,115.33,108.81,111.43,3816245
2/18/2021 16:00:00,4662.19,4733.21,4651,4705.98,19012,2/18/2021 16:00:00,11.37,11.48,11.3,11.43,37777050,2/18/2021 16:00:00,108.97,115.21,108.5,114.12,2696154
2/19/2021 16:00:00,4718,4782.99,4690.75,4705.45,18648,2/19/2021 16:00:00,11.52,11.59,11.46,11.58,48615552,2/19/2021 16:00:00,114.96,117.79,114.51,116.91,3463255
2/22/2021 16:00:00,4680,4724.2,4652.17,4656.03,17778,2/22/2021 16:00:00,11.52,11.94,11.5,11.7,62183011,2/22/2021 16:00:00,118.75,122.13,117.54,119.96,4374221
2/23/2021 16:00:00,4645.55,4728.6,4586.3,4699.58,18516,2/23/2021 16:00:00,11.59,11.65,11.13,11.62,72904530,2/23/2021 16:00:00,121.58,122.31,118.29,121.95,3703348
2/24/2021 16:00:00,4668,4714,4525.01,4699.97,19737,2/24/2021 16:00:00,11.67,12.4,11.64,12.27,95152783,2/24/2021 16:00:00,123.35,127.48,122.38,127.26,4486156
2/25/2021 16:00:00,4682.08,4682.08,4469.99,4491.42,21328,2/25/2021 16:00:00,12.22,12.4,11.72,11.76,75249410,2/25/2021 16:00:00,127.76,128.16,121.09,122.98,5263146
2/26/2021 16:00:00,4508.53,4562.85,4462.95,4500.84,26122,2/26/2021 16:00:00,11.89,11.98,11.54,11.7,69614525,2/26/2021 16:00:00,123.59,124.58,120.14,123.68,3615542
3/1/2021 16:00:00,4528,4650,4503.12,4572.96,18575,3/1/2021 16:00:00,11.87,12.08,11.78,11.98,43172813,3/1/2021 16:00:00,125.72,125.85,122.8,123.76,2614949
3/2/2021 16:00:00,4583,4687.55,4538.85,4657.96,22202,3/2/2021 16:00:00,12.04,12.8,11.94,12.55,104788959,3/2/2021 16:00:00,123.9,125.09,122.5,124.25,3325616
3/3/2021 16:00:00,4630.54,4647.92,4474.91,4483.85,24743,3/3/2021 16:00:00,12.61,12.61,12.14,12.17,80169701,3/3/2021 16:00:00,124.25,125.84,123.13,123.13,2108262
3/4/2021 16:00:00,4460.96,4580.41,4330,4441.3,24375,3/4/2021 16:00:00,12.24,12.46,11.63,11.93,88339642,3/4/2021 16:00:00,123.25,123.32,117,120.72,3555491
3/5/2021 16:00:00,4466.65,4644,4378.48,4624.62,18659,3/5/2021 16:00:00,12.06,12.29,11.67,12.27,79345704,3/5/2021 16:00:00,121.9,122.93,116.44,122.87,3696565
3/8/2021 16:00:00,4638.47,4771.99,4622.47,4699.76,18704,3/8/2021 16:00:00,12.39,12.88,12.3,12.65,86129736,3/8/2021 16:00:00,123.52,126.76,122.02,125.41,2573364
3/9/2021 16:00:00,4742.61,4784.77,4683.87,4702.09,16924,3/9/2021 16:00:00,12.76,12.76,12.38,12.57,61568655,3/9/2021 16:00:00,126.97,126.97,123.61,124.12,2560482
3/10/2021 16:00:00,4731.41,4823,4688.75,4776.41,21270,3/10/2021 16:00:00,12.72,12.98,12.62,12.91,62111181,3/10/2021 16:00:00,124.39,125.98,122.8,124.51,1846727
3/11/2021 16:00:00,4733.5,4832.8,4571.05,4584.74,29462,3/11/2021 16:00:00,12.94,13.06,12.75,12.81,56536460,3/11/2021 16:00:00,124.56,126.2,123.32,124.66,1711218
3/12/2021 16:00:00,4564.44,4564.44,4450.01,4538.83,27565,3/12/2021 16:00:00,12.78,13.43,12.77,13.37,87160077,3/12/2021 16:00:00,125.32,126.58,124.34,126.1,1588796
3/15/2021 16:00:00,4540.08,4674.99,4497.56,4670.25,18762,3/15/2021 16:00:00,13.39,13.62,13.05,13.2,65229000,3/15/2021 16:00:00,126.96,128.92,125.07,127.26,1774269
3/16/2021 16:00:00,4645.74,4740,4629.04,4629.04,20723,3/16/2021 16:00:00,13.06,13.15,12.43,12.49,125425273,3/16/2021 16:00:00,127.39,127.78,123.77,123.96,1819391
3/17/2021 16:00:00,4600,4701.64,4529,4662.33,32459,3/17/2021 16:00:00,12.34,12.7,12.22,12.69,109324385,3/17/2021 16:00:00,123.5,127.62,123.45,127.14,3831734
3/18/2021 16:00:00,4635.73,4645.44,4380.02,4421.85,37848,3/18/2021 16:00:00,12.7,13.01,12.44,12.49,76733254,3/18/2021 16:00:00,126.57,128.68,125.1,125.64,2598720
3/19/2021 16:00:00,4402.1,4570,4363.32,4434.99,73349,3/19/2021 16:00:00,12.85,12.95,12.55,12.83,90885155,3/19/2021 16:00:00,125,125.92,122.14,124.39,2810774
3/22/2021 16:00:00,4430.01,4515,4397.62,4503.64,32503,3/22/2021 16:00:00,12.85,12.93,12.51,12.85,81362146,3/22/2021 16:00:00,124.51,124.83,122.4,122.92,2031162
3/23/2021 16:00:00,4480.81,4565,4438.87,4463.1,15956,3/23/2021 16:00:00,12.57,12.68,12.12,12.21,73020161,3/23/2021 16:00:00,122.16,122.6,118.2,118.9,2659110
3/24/2021 16:00:00,4473.23,4604.98,4465,4539.65,24564,3/24/2021 16:00:00,12.36,12.53,12.12,12.14,54534406,3/24/2021 16:00:00,119.83,121.65,118.47,118.5,2034971
3/25/2021 16:00:00,4495.2,4600,4442.56,4567.86,19438,3/25/2021 16:00:00,11.94,12.35,11.72,12.32,54201830,3/25/2021 16:00:00,117.54,120.78,116.15,120.4,2680808
3/26/2021 16:00:00,4569.04,4749.99,4561.52,4722.74,23087,3/26/2021 16:00:00,12.43,12.49,12.06,12.3,49239811,3/26/2021 16:00:00,121.08,121.61,118.92,121.12,2149840
3/29/2021 16:00:00,4730,4753.32,4666.7,4668.26,18505,3/29/2021 16:00:00,12.2,12.36,12.07,12.15,44747925,3/29/2021 16:00:00,120.93,121.34,118.11,119.05,2135381
3/30/2021 16:00:00,4655.68,4740.83,4628.7,4706.11,16932,3/30/2021 16:00:00,12.16,12.48,12.11,12.46,49762308,3/30/2021 16:00:00,118.95,122.61,118.69,122.06,2548865
3/31/2021 16:00:00,4670.28,4775,4670.28,4710.93,24251,3/31/2021 16:00:00,12.46,12.54,12.21,12.25,60456889,3/31/2021 16:00:00,122.31,122.82,120.84,120.92,2031612
4/1/2021 16:00:00,4740.01,4810.22,4705.01,4785.18,15334,4/1/2021 16:00:00,12.28,12.29,12.02,12.17,61907459,4/1/2021 16:00:00,121.9,122.1,120.38,121.65,1697147
4/5/2021 16:00:00,4810.63,4844.86,4790.11,4827.44,14755,4/5/2021 16:00:00,12.39,12.78,12.33,12.7,82332728,4/5/2021 16:00:00,123.12,126.1,122.99,125.4,2261167
4/6/2021 16:00:00,4815.2,4849.49,4720.02,4837.78,14037,4/6/2021 16:00:00,12.7,12.99,12.64,12.92,67499426,4/6/2021 16:00:00,125.55,127.54,125.5,126.66,1719487
4/7/2021 16:00:00,4840.99,4874.64,4758.91,4776.41,19451,4/7/2021 16:00:00,12.87,12.93,12.66,12.73,42264039,4/7/2021 16:00:00,126.97,127.32,124.26,124.52,1803966
4/8/2021 16:00:00,4768.85,4799.99,4748.32,4748.49,11883,4/8/2021 16:00:00,12.67,12.76,12.43,12.51,52621966,4/8/2021 16:00:00,124.37,126.13,122.81,124.75,1847136
4/9/2021 16:00:00,4776.69,4922.69,4724.7,4902.13,21097,4/9/2021 16:00:00,12.49,12.62,12.39,12.51,40555411,4/9/2021 16:00:00,124.4,124.46,122.37,124.35,921479
4/12/2021 16:00:00,4900.3,4944.98,4838.32,4873.73,20626,4/12/2021 16:00:00,12.5,12.55,12.32,12.38,40422762,4/12/2021 16:00:00,124.48,125.44,122.47,125.28,2057807
4/13/2021 16:00:00,4844.22,4888,4762.5,4821.02,21569,4/13/2021 16:00:00,12.39,12.45,12.1,12.2,51555966,4/13/2021 16:00:00,123.78,126.87,122.43,126.11,3377733
4/14/2021 16:00:00,4784,4859.72,4784,4821.44,13198,4/14/2021 16:00:00,12.2,12.49,12.2,12.24,49877492,4/14/2021 16:00:00,126,128.28,125.64,126.52,2461364
4/15/2021 16:00:00,4850,4891.72,4800,4844.22,11752,4/15/2021 16:00:00,12.3,12.32,12.13,12.24,38209311,4/15/2021 16:00:00,127.37,127.85,125.78,127.28,1192950
4/16/2021 16:00:00,4880,5008.36,4880,4984.85,26555,4/16/2021 16:00:00,12.32,12.36,12.19,12.23,33132872,4/16/2021 16:00:00,128.52,129.05,127.55,128.05,1721346
4/19/2021 16:00:00,4979.51,4994.13,4936.23,4984.42,20983,4/19/2021 16:00:00,12.22,12.25,12.02,12.11,39063481,4/19/2021 16:00:00,127.49,127.73,125.26,125.93,1451298
4/20/2021 16:00:00,4994,5028.85,4836.38,4906.22,17560,4/20/2021 16:00:00,12.06,12.06,11.35,11.45,83170803,4/20/2021 16:00:00,124.95,125.3,120.67,122.22,2328494
4/21/2021 16:00:00,4880,4895,4700,4800,40177,4/21/2021 16:00:00,11.36,11.74,11.18,11.73,49641132,4/21/2021 16:00:00,122.51,123.97,121.31,123.91,1329363
4/22/2021 16:00:00,4787,4836.21,4757.5,4826.37,23442,4/22/2021 16:00:00,12.06,12.15,11.83,11.94,73064376,4/22/2021 16:00:00,123.44,126.77,122.85,125.5,2235433
4/23/2021 16:00:00,4830,4916.81,4760.27,4862.59,16893,4/23/2021 16:00:00,11.97,12.24,11.87,12.22,51898945,4/23/2021 16:00:00,125.94,127.43,125.56,127.4,1394651
4/26/2021 16:00:00,4859.34,4938.96,4825.34,4929.53,19045,4/26/2021 16:00:00,12.28,12.44,12.23,12.27,40863760,4/26/2021 16:00:00,128.6,130.19,127.12,127.57,1357439
4/27/2021 16:00:00,4938.5,5023,4863.4,4978.81,27868,4/27/2021 16:00:00,12.29,12.5,12.27,12.49,42037752,4/27/2021 16:00:00,127.72,130.35,127.59,130.01,1712924
4/28/2021 16:00:00,4978.81,5019.8,4951.15,5005.63,20574,4/28/2021 16:00:00,12.6,12.6,12.39,12.43,68023415,4/28/2021 16:00:00,129.82,130.25,128.96,129.11,1328800
4/29/2021 16:00:00,5020,5107.1,5000.31,5023.91,15016,4/29/2021 16:00:00,11.91,11.91,11.14,11.26,230430629,4/29/2021 16:00:00,130.88,132.69,128.45,130.39,1596987
4/30/2021 16:00:00,4990.01,5047.97,4942,5018.1,14406,4/30/2021 16:00:00,11.36,11.54,11.33,11.54,90786462,4/30/2021 16:00:00,129.71,130.06,127.58,128.7,1263868
5/3/2021 16:00:00,5076.11,5144,5015.36,5124.07,12559,5/3/2021 16:00:00,11.56,11.68,11.43,11.63,61987297,5/3/2021 16:00:00,129.64,130.17,128.39,128.67,1375322
5/4/2021 16:00:00,5127.57,5173.76,5055,5104.95,15674,5/4/2021 16:00:00,11.53,11.55,11.23,11.41,71007685,5/4/2021 16:00:00,128.17,128.85,125.69,128.25,2574872
5/5/2021 16:00:00,5125,5155.99,5089,5142.42,9810,5/5/2021 16:00:00,11.5,11.64,11.5,11.61,41381316,5/5/2021 16:00:00,127.11,128.1,122.32,122.62,2371907
5/6/2021 16:00:00,5149.68,5151.35,5075.51,5134.44,13349,5/6/2021 16:00:00,11.55,11.76,11.48,11.74,50032823,5/6/2021 16:00:00,122.15,122.73,119.47,120.77,3108775
5/7/2021 16:00:00,5109.32,5234.27,5109.32,5211.38,17688,5/7/2021 16:00:00,11.65,11.83,11.52,11.82,41525840,5/7/2021 16:00:00,121.2,123.54,119.8,123.44,2097105
5/10/2021 16:00:00,5209.55,5308.48,5150,5215.81,15314,5/10/2021 16:00:00,11.78,11.93,11.7,11.71,51703508,5/10/2021 16:00:00,122.47,123.7,121.08,121.58,2218966
5/11/2021 16:00:00,5187.83,5198.84,4970.01,4988.03,21077,5/11/2021 16:00:00,11.45,11.76,11.42,11.58,56882624,5/11/2021 16:00:00,119.26,122.16,118.16,121.83,1640351
5/12/2021 16:00:00,4950.01,4954.98,4749.34,4749.37,21670,5/12/2021 16:00:00,11.54,11.68,11.28,11.33,55663086,5/12/2021 16:00:00,121.03,122.26,117.54,118.29,1984269
5/13/2021 16:00:00,4810,4955.5,4799.9,4925.73,20277,5/13/2021 16:00:00,11.36,11.68,11.35,11.55,56598472,5/13/2021 16:00:00,118.84,121.16,118.23,120.16,1648651
5/14/2021 16:00:00,4937.84,4988.55,4920,4949.71,16199,5/14/2021 16:00:00,11.65,11.87,11.62,11.84,48619221,5/14/2021 16:00:00,121.29,124.43,120.45,123.61,1470752
5/17/2021 16:00:00,4947.1,4969,4840.99,4871.49,16480,5/17/2021 16:00:00,11.82,12.18,11.79,12.15,52201744,5/17/2021 16:00:00,123.43,123.43,120.39,121.71,1428927
5/18/2021 16:00:00,4872.05,4883.2,4717.81,4726.01,17754,5/18/2021 16:00:00,12.29,12.53,12.13,12.14,72472888,5/18/2021 16:00:00,122.15,123.37,120.72,120.79,2237070
5/19/2021 16:00:00,4622,4723.35,4565.81,4705.67,25408,5/19/2021 16:00:00,12.03,12.21,11.85,12.11,70220759,5/19/2021 16:00:00,118.24,120.66,117.89,120.57,1511892
5/20/2021 16:00:00,4742.37,4770,4686.71,4722.7,13285,5/20/2021 16:00:00,12.52,12.69,12.3,12.49,106243905,5/20/2021 16:00:00,120.71,121.2,119.05,120.58,1484363
5/21/2021 16:00:00,4721.07,4772.84,4640.91,4655.22,19430,5/21/2021 16:00:00,12.7,13.47,12.57,13.33,200958563,5/21/2021 16:00:00,121.32,122.22,120.7,120.98,1429513
5/24/2021 16:00:00,4691.86,4695,4627.01,4652.72,15561,5/24/2021 16:00:00,13.38,13.38,12.92,13.06,111374304,5/24/2021 16:00:00,122.09,123.9,121.32,123.59,2057688
5/25/2021 16:00:00,4697.57,4852.89,4660.01,4836.36,33361,5/25/2021 16:00:00,13.13,13.43,12.8,12.81,113383362,5/25/2021 16:00:00,124.63,125.31,123.35,123.8,1374212
5/26/2021 16:00:00,4845,4900,4809.13,4847.26,17975,5/26/2021 16:00:00,13.16,13.95,13.1,13.9,227538655,5/26/2021 16:00:00,124.42,126.4,123.92,126.22,1523062
5/27/2021 16:00:00,4859.04,4908.85,4813.93,4861.29,23995,5/27/2021 16:00:00,14.38,15.05,14.12,14.88,278939123,5/27/2021 16:00:00,127,127.68,125.11,126.27,2395681
5/28/2021 16:00:00,4858.95,4918.14,4826.65,4887.23,13231,5/28/2021 16:00:00,15.01,15.05,14.41,14.53,152105344,5/28/2021 16:00:00,125.9,126.32,124.39,125.27,893721
6/1/2021 16:00:00,4925.33,4925.33,4817.88,4841.02,11693,6/1/2021 16:00:00,14.72,14.84,14.46,14.81,89070986,6/1/2021 16:00:00,127.6,127.6,125.8,126.61,1489247
6/2/2021 16:00:00,4841,4841,4785.9,4795.49,13793,6/2/2021 16:00:00,14.9,15.02,14.68,14.91,77517193,6/2/2021 16:00:00,126.88,127,124.56,125.17,1462093
6/3/2021 16:00:00,4755.61,4793.99,4696.12,4747.07,16556,6/3/2021 16:00:00,15.15,16.06,14.99,15.99,179671434,6/3/2021 16:00:00,124.13,124.5,122.19,123.13,1331399
6/4/2021 16:00:00,4785,4827.43,4702,4810,13418,6/4/2021 16:00:00,16.33,16.45,15.8,15.97,151787957,6/4/2021 16:00:00,123.75,124.82,122.93,124.75,1657124